Date,PC1,PC2,PC3,PC4,PC5
2013-07-25,-3.4968145199720237,4.6294264362518165,4.071831918378668,-0.4310153902126033,-2.1577799934326602
2013-07-26,-3.136528982417992,4.882610799602194,3.8958657642925387,-0.9233378140394877,-2.083586201614478
2013-07-29,-3.103181090609987,4.94639145199163,3.611042633094799,-1.420645885477735,-1.604248615335555
2013-07-30,-3.3252538596568417,5.2608801917958985,3.331201729305495,-1.9251076861593206,-1.4853598306936042
2013-07-31,-3.313021017442272,5.41161315249495,3.468289551829334,-2.2490795955974803,-1.2581347587326388
2013-08-01,-3.7756979183851205,5.317032360531248,3.685284434160496,-2.17407440015857,-1.1296094702503439
2013-08-02,-4.049906793106396,5.740533222414978,3.9278923193783815,-2.556910697767447,-0.9669977442961303
2013-08-05,-4.326736745125446,5.685039334506516,4.004083149323477,-2.3661722447851674,-1.0580071197431251
2013-08-06,-4.81597998019078,5.833867108195387,3.855607963004577,-3.0023666102386755,-0.7649459849884125
2013-08-07,-5.038112936200154,5.579146651628537,3.9129940838325488,-2.9582462096832196,-0.7937054977671474
2013-08-08,-4.887089581648526,5.897621014418136,3.974191245686459,-2.8897285898211464,-0.9372868848777045
2013-08-09,-4.738805831395339,5.671129059529279,4.0604731460887225,-3.010203272157803,-0.8476807223924422
2013-08-12,-4.291761194812125,5.684230978648705,3.9077962817075265,-2.9572009429714035,-0.7264236913392319
2013-08-13,-3.476054154812352,5.735009746798464,3.797498633358172,-2.7210160964104797,-1.0529335481552673
2013-08-14,-3.0927650736423553,5.765222884308498,3.898095921661006,-2.5280361974906658,-1.191246757228367
2013-08-15,-3.143617842225687,5.8031879093752226,4.0337890883525445,-2.486695836883497,-1.1685972687296091
2013-08-16,-4.3423855260202595,6.122896846995895,3.863025725124586,-3.7131716460079773,-0.4343761971766202
2013-08-19,-4.434448870353642,6.160050480650441,3.505371780253402,-4.321350401935293,-0.18122599828489405
2013-08-20,-4.341352311372563,6.071337511370081,3.2124673766009844,-4.403718499189938,0.0106684705116865
2013-08-21,-5.001828182698545,5.5644411001051335,2.8506211996410022,-4.387157273599434,0.3445901238116998
2013-08-22,-4.599889469513638,5.531670313919164,3.1436116556416067,-3.796371346632941,0.3554469928956393
2013-08-23,-4.295730738053852,5.65080278322088,3.4197425215498534,-3.249667023670424,0.46244336462127184
2013-08-26,-4.031929980009332,5.882587851818325,3.337678002910073,-3.338480028375831,0.6641946255966475
2013-08-27,-4.804400375543249,5.9754876886323105,3.193294055166623,-4.119918568212647,1.476708395467545
2013-08-28,-4.733613553901839,6.015196128468807,3.188769054326213,-4.24549446572087,1.5417712797451983
2013-08-29,-4.797133751565838,5.891121808680026,3.6693688467442303,-3.1217958590021517,1.1656053004568412
2013-08-30,-4.807761181982583,6.182861637784106,3.814882746776848,-2.6483132224986226,0.8866912494400037
2013-09-02,-4.282822798114366,6.061484539341895,3.9079774412739336,-2.366465503227679,0.7966532556168999
2013-09-03,-5.2806143099831715,6.1589511208012535,3.7519504601550984,-3.2455846177336576,1.5338982226999054
2013-09-04,-4.815145605468305,6.404516235908444,3.912521965906748,-2.7338857513324535,1.4073531725297244
2013-09-05,-4.169247905456814,6.086058282446446,4.06004021641666,-2.159707403445165,0.7822173025484828
2013-09-06,-4.184314294997816,5.76950247274057,4.398550565153767,-1.6047918170055258,0.8740279733290812
2013-09-09,-4.185441505479403,5.711097190870756,4.360394462633549,-1.5317922847118333,0.9404570816403879
2013-09-10,-3.855415558325512,5.529895526324238,4.882475410849651,-0.24259564365795783,0.44757944570322555
2013-09-11,-3.89253558914697,5.724401414836474,5.046646785499835,-0.07323648369516798,0.41488359814107406
2013-09-12,-4.362988756454748,5.645565498994393,5.1941667614659215,-0.22860713681085879,0.43147335065635367
2013-09-13,-4.780324028452067,5.338006303752077,5.311576644643754,0.11283426645746458,0.34098210370482346
2013-09-16,-4.931272657713851,5.253651223977441,5.314637797432383,0.13578009646388844,0.3828255325504237
2013-09-17,-4.960210343078364,5.318081655085496,5.285723361238657,0.31023950326938754,0.36420604324213623
2013-09-18,-5.142288602121629,5.072974529028477,5.662962725239793,0.7570513123026628,0.37533808632627147
2013-09-19,-4.116870118625006,4.979559550610678,5.67654177878661,1.5773827792334216,-0.14690886214006452
2013-09-20,-4.894654046033613,4.8459372633111775,5.560958313847999,1.4758878806502824,0.16798197025509173
2013-09-23,-5.637945510602539,4.639509185032019,5.416851750299054,1.0382995733323412,0.64890735239718
2013-09-24,-5.555620066194543,4.694536829104273,5.31160288890882,1.1279767265896745,0.6186755059171269
2013-09-25,-5.476016358821917,4.801409581758054,5.090534454787929,1.1599557169077586,0.7472160956183649
2013-09-26,-5.020020804234668,4.968776000969615,4.739749462527991,0.9583169264258619,0.6651929762561529
2013-09-27,-4.796844590407278,4.906327166931584,4.381045743119273,0.6161648555261902,0.9429399583929579
2013-09-30,-6.057313708331736,4.804263900657789,4.789651042206033,0.6634272213428027,1.3755198643044788
2013-10-01,-5.96468862342563,4.927340223126421,5.151620668801676,0.7688924745645124,1.2045106549077793
2013-10-02,-5.868630478615376,4.711179878699623,4.973341811347314,0.7783500391645046,1.3095339213882164
2013-10-03,-5.618876801121791,4.612189259574046,5.411387972053383,1.5515744372477982,1.1973360718009818
2013-10-04,-6.223792306073744,4.192291481373954,5.821358388016237,1.9093844422166386,1.093935542159023
2013-10-07,-5.966286900925825,4.28415312600318,5.664650678795781,1.8109128770991658,1.5115867802852208
2013-10-08,-5.647927425449597,4.226752559376116,5.500765554889998,1.6870337894543297,1.4648812536405864
2013-10-09,-5.474137606694262,4.1409745412831445,5.680931762901377,2.1544301045903884,1.523121141217755
2013-10-10,-5.809901510358648,4.281908353164769,6.262942083291544,2.4796298901688107,1.475435965781174
2013-10-11,-5.545101532227319,4.32477723689749,6.269584264287381,2.745827529037338,1.2928238407590702
2013-10-14,-5.028670125283301,4.458930558777726,6.063065923064328,2.4254443273524284,1.236778416677639
2013-10-15,-4.964345287108465,4.525638299631156,5.622165428097798,2.316216555653165,1.438048378853752
2013-10-16,-4.956029900082556,4.5456893681979,5.669733736771817,2.2595629035857976,1.4032023503704445
2013-10-17,-4.810011316760455,4.774552368653066,5.590767867254479,2.068157268875779,1.2906602854431146
2013-10-18,-4.592579226558155,3.9381132844469833,5.765056478420411,2.9431314849748924,1.1151531666927403
2013-10-21,-4.112907895597922,4.035732986945004,5.320008202086948,2.810548746897962,1.3056439994879083
2013-10-22,-3.2617148345969897,4.155443279683072,4.700613871242029,2.142471306960414,1.203120944043205
2013-10-23,-2.9238814479410014,4.089802781942345,4.199779794668643,1.7377062977092477,1.3310431412395334
2013-10-24,-1.9981013467836997,4.416158295528387,3.5868362653541586,1.1023105089051228,1.3996325840918535
2013-10-25,-2.243194029790837,4.286127441140331,3.7125513083183335,1.0708946230640384,1.4736953658610876
2013-10-28,-2.62573402376633,3.883439577625777,3.4448090683737402,1.156570032708715,1.8104212348142747
2013-10-29,-2.1033152076903665,3.783332729521858,3.5243411357046637,1.5917007821384441,1.4790066396821362
2013-10-30,-2.033324925304729,3.6387854529407413,3.3676227209557568,1.7089279547924296,1.3558305788525942
2013-10-31,-1.3191889051071017,3.635506434226802,2.9138314853959866,1.5433788764986682,1.4078583740251929
2013-11-01,-1.0730104483893976,3.609189369561707,2.491202449569202,1.4233813707391543,1.3955964125708742
2013-11-04,-1.006214113576625,3.4814356615354294,2.2594851317837334,1.4531922865539164,1.4392319904073148
2013-11-05,-0.2554525818401718,3.9787606169206646,1.7625500162729786,0.4487094359276719,1.4917632220783899
2013-11-06,-0.6632693057554002,4.082531448181769,1.959729203813996,0.5792696642726181,1.61302363623514
2013-11-07,-0.9958979827871735,4.080520818271728,1.9531746614200538,0.7027809640732828,1.7256288233633774
2013-11-08,-1.2514503735123819,3.8366485775494605,1.828077414029716,0.6781091546928851,1.649489783230293
2013-11-11,-1.8461910004614979,3.6587466446819588,1.6653762448380893,0.7862264583777591,1.7785791969718976
2013-11-12,-2.277301561063307,4.052359311314776,1.827492751750625,0.5307063783820393,1.6261313827856152
2013-11-13,-2.2108904939219216,3.9051552140776256,1.5911708097856176,0.3913789884169016,1.72346760153252
2013-11-14,-1.972910700673679,3.741458260163179,1.7328997833273994,0.8595035443063944,1.5399163084384877
2013-11-15,-1.9061241264615145,3.7374756196694947,1.8206461698843355,0.7368634980987173,1.4842341924751776
2013-11-18,-1.5071016541915676,3.491079285819559,1.9442020430781217,1.404744936771863,1.1591256470342193
2013-11-19,-1.056113382340529,3.4600164641343487,1.737394500824797,1.1950530234235113,1.3408406122753984
2013-11-20,-1.1116867601602853,3.6358407069345544,1.650462436517809,0.5825843362166204,1.5143936589537645
2013-11-21,-1.5912152019591612,3.6681926020042086,1.6107301448256752,0.07834232117226142,1.6751678357146869
2013-11-22,-1.3551980390843086,3.7636430294580547,1.4085260835556384,-0.19348421320089415,1.5210183201315406
2013-11-25,-0.9705205173161603,3.4977654151436446,1.50985716226527,0.3755847658363832,1.3924005115750864
2013-11-26,-1.3103474440131657,3.5467530448597757,1.6174018503356586,0.11553160399672402,1.1926424393835837
2013-11-27,-1.162418897356131,3.544767736264815,1.3860642269602959,0.05812939701060103,1.1233589623144866
2013-11-28,-0.7446174325889825,3.4643100154665736,1.1903620410594404,-0.028466020913504704,1.1858676544785818
2013-11-29,-0.6249872443002052,3.1927832936424476,1.2946792023280569,0.5388100659926337,1.3083629418568907
2013-12-02,-0.7923766261598209,3.18259612298324,1.6556723849648622,0.7016903130450447,1.1545860988721994
2013-12-03,-0.3409210385769043,3.1125205688251514,1.366629647499106,0.2227605100009695,1.3426668045555865
2013-12-04,-0.4425207043803529,2.934749654017995,1.2021354022028639,0.08071082228530702,1.575304630047528
2013-12-05,-0.2305883044307602,2.5251311445619034,1.2328716292810142,0.44509044832401573,1.3639093694123652
2013-12-06,-0.005557733788833191,2.3940803977490592,1.1032724354124963,0.4469795158774742,1.3142944848209042
2013-12-09,0.47621976362963186,2.359273116316581,1.0416042065431068,0.7751713391536658,0.9193494134968587
2013-12-10,0.5651379240081496,2.237322443086519,0.9152478682525165,0.665737278124516,1.0368060943373305
2013-12-11,0.5434681694613629,2.24107642445863,0.7670238998651868,0.530510667280442,0.982086301476
2013-12-12,0.9706355643263934,2.462165355560022,0.20977810471020852,-0.2807854167526057,1.168924656338942
2013-12-13,0.9118464952951624,2.7263235291628756,0.010357476661277681,-0.6983704408144727,1.049497361866518
2013-12-16,1.161819224294793,2.8681409344511364,-0.02687542929432921,-1.1153406649630908,1.1187777390607971
2013-12-17,1.4401160340380694,2.967754247586053,-0.29188443090950533,-1.3189073359905898,1.14680927340244
2013-12-18,1.585025907312171,2.7209682765751086,-0.03160561193549344,-0.8681688009977907,0.9794964268210772
2013-12-19,1.8120290146353808,2.9761249734008497,-0.29413824041646225,-1.2416393651267268,1.106569585142357
2013-12-20,2.0017256138146378,3.109999422014575,0.12931850040421994,-0.617819523469056,0.778727272097873
2013-12-23,1.8384166118480663,3.124469079855215,0.4933484517343486,-0.47643426979299786,0.6026875521763185
2013-12-24,1.5790132588126242,2.828941068854961,0.4908378669748454,-0.39266454330171047,0.5691462561641525
2013-12-25,1.6570359601741735,2.713343888121299,0.36267528470296345,-0.42513079022491057,0.5992389751893442
2013-12-26,1.234028963804885,2.4681442565017964,0.6398387629829793,-0.030406243395857086,0.43937717197380494
2013-12-27,1.2095722309653612,2.2129487128289838,0.6764709906352051,0.1889733132792408,0.3696125875187312
2013-12-30,2.1903849956544486,2.480125095128024,-0.0713190923205075,-0.6978695414543913,0.40327887617743885
2013-12-31,2.8953304856484774,2.8381339218438,-0.528915423413879,-1.0913732714184137,0.3380663423464341
2014-01-01,2.9499483685211287,2.8826078449035584,-0.6263460908893412,-1.103956449565155,0.37760947752244717
2014-01-02,2.9462583565330744,2.940723241173418,-1.1694271630364423,-1.630552337780877,0.6853530155386827
2014-01-03,2.351434954167688,2.6328105680233356,-1.1925265540009118,-1.353770479641916,0.4413096071358562
2014-01-06,2.029226366570015,2.5387055307088504,-1.0827238142978044,-1.2964661248384195,0.4223906403234285
2014-01-07,2.0372769718413246,2.743638876315004,-1.0638385652156384,-1.6036977923395417,0.26416476039102593
2014-01-08,2.4935665782959378,2.872639574290745,-1.3463773932136565,-1.7971331654192297,0.21296446953807888
2014-01-09,2.732331272560039,2.592275156791864,-1.8255058503748045,-2.0233326609413407,0.15298255524379953
2014-01-10,2.352794866838142,2.7001335774278763,-1.3402910924093785,-1.7956387316500217,0.07635488184559314
2014-01-13,2.5613553925292725,2.4774017748437163,-1.1603151122567992,-1.3920166441319057,0.020513674897523117
2014-01-14,2.23448600640142,2.4841518001064786,-1.0868442673568264,-1.2324327243703246,0.19130980265357492
2014-01-15,2.87247402663361,2.85976919218349,-0.8867528081558874,-1.3768949955190664,-0.07962599001471342
2014-01-16,2.6038380411722133,2.565022479355797,-0.7951265371387676,-1.3743757386850224,-0.1064007615692683
2014-01-17,2.1299525330400986,2.3591776753316958,-0.7430956187788119,-1.2364044298033945,0.18201752868906748
2014-01-20,2.190890493855123,2.211775476467057,-0.7262480487625175,-0.9810957479076238,0.10193698687568996
2014-01-21,2.0000059263895023,1.9882578531892028,-0.6147060654539249,-0.902390889328875,-0.05929280876721687
2014-01-22,1.9620407255904937,2.0166205007813427,-0.4993032629874252,-0.6294307523114034,-0.1024797788417667
2014-01-23,1.9774716189346442,1.9958587170402895,-0.5526886031889634,-0.6170372265109997,-0.030374642466163723
2014-01-24,1.5433266890746866,1.9366926546028735,-0.6026025268718526,-0.8544719785555225,0.1263161333820841
2014-01-27,0.7834893507956036,2.352894273537875,-0.6024316864640217,-1.3529806103492914,0.5804958308028225
2014-01-28,0.7649689545872813,2.216774789835506,-0.5362130481269235,-1.3993766944165706,0.45153626296193805
2014-01-29,0.5940741636904878,2.3041521890761096,-0.2965473371935341,-1.3565479091565733,0.4608453808922377
2014-01-30,0.04219302909772632,2.21539150168587,-0.19008444327854,-1.2317054944567463,0.6601214396438555
2014-01-31,0.25206723318388097,2.3272485357456234,-0.12305892534850585,-1.210803287209562,0.5949473289120533
2014-02-03,0.47358883683190467,2.6000094740051094,-0.6927651069173285,-1.9819085809999706,0.9180075802577716
2014-02-04,0.7560703031336651,2.5098950834277196,-0.6924562826807352,-2.3615043770167983,0.7779713834667216
2014-02-05,0.8434473796020949,2.3973929276521764,-0.6683524994116868,-2.2126128582836784,0.7953671426247381
2014-02-06,0.9078085362446632,2.3954008516498395,-0.5151716465457209,-2.19655595552444,0.6953864951342673
2014-02-07,1.1643038574052391,2.4260416842663233,-0.4136678379073482,-2.0956610405444054,0.760843722824982
2014-02-10,1.4127779350592362,2.2957734826107825,-0.6906335427292231,-2.1836150391798044,0.9104093976935888
2014-02-11,1.2916511291882864,2.4540106780461386,-0.5105313226275271,-2.1108267255589106,0.830892622056094
2014-02-12,1.1460268341322215,2.1831748396510884,-0.3969539033557687,-1.8280392267667662,0.6194959935729013
2014-02-13,0.5232597327759038,2.107506861732963,-0.4103336097209896,-1.887204169565119,0.7309742231722131
2014-02-14,0.6168894209602295,2.0715912401481695,-0.4202583778820708,-1.568046914970015,0.5530403908652693
2014-02-17,0.5007111192064826,2.1548960953670973,-0.23223836858540642,-1.3086838720190035,0.47978861432327785
2014-02-18,0.385354931389206,1.886157051751882,-0.0730234312990424,-0.8443675144230306,0.24021524846492148
2014-02-19,0.44498694418303475,1.8408147861087105,-0.11426118000098455,-0.7229646007407645,0.2881448520887426
2014-02-20,-0.021176542101599194,1.9304909258306893,-0.02900066880745227,-0.6996206463853926,0.4213477033242043
2014-02-21,0.10628868887639141,1.8919738160913373,-0.01954132242751236,-0.26946437931703476,0.266558668413218
2014-02-24,0.39986300798907615,1.8815323033306177,-0.16528146366959806,-0.33871516452618367,0.2856774157809148
2014-02-25,0.3587408585517226,2.035905557867356,-0.12853186683698317,-0.13231931019136484,0.41985684871377954
2014-02-26,0.3128821591358512,1.9222299229109807,-0.020931880751901753,0.1049316009161048,0.2791097124381261
2014-02-27,0.3453693539746903,1.9610349001722762,0.09728523105293539,-0.027717402130772773,0.21397209166595393
2014-02-28,0.40430435183019553,1.9698999194971312,0.17626398044346858,0.03403324413418692,0.1735763611759788
2014-03-03,0.09750438034923663,1.7320149985984903,0.31843497844819113,-0.11124234236572307,0.24992318787314843
2014-03-04,0.4871876173975979,1.7905532467852683,0.42439118498435796,0.1530411894135994,0.04961457256760821
2014-03-05,0.6313105140891316,1.803014731190945,0.39281272533354933,0.2694869869918434,0.0031461025866010794
2014-03-06,0.9820302641185625,1.7304922181141398,0.577954193460878,0.39270748293622626,0.03069269010739199
2014-03-07,1.4157121105949655,1.3828394123594179,0.6174579418533096,0.4262137500953293,0.005821145600898538
2014-03-10,0.8421460827923627,1.1364653354344498,0.9015665974499588,0.7627709509118135,-0.08450738541642325
2014-03-11,0.14917593159817774,1.0373904021729143,1.1883755619678624,1.0824874673868001,-0.11012802162631911
2014-03-12,0.029904517812867557,0.893719674849668,1.0809296594752371,1.2776035194302144,-0.14747293671108005
2014-03-13,-0.10237462396879342,0.732571219473408,0.974379371091883,1.3710125679466894,-0.18391746628176203
2014-03-14,-0.06820581726260326,0.7712387902218837,0.9642974676059259,1.4480806725600777,-0.3306313408669129
2014-03-17,-0.03803487191272022,0.740195263752064,0.8848755027484436,1.4584009049618494,-0.32950949586731426
2014-03-18,0.1817865945244159,0.6228433131219699,0.9427214221473592,1.4374863882488547,-0.4142697059771171
2014-03-19,0.18494895076784623,0.45984012457862633,0.9203358524934695,1.4666686851801174,-0.5760201678456504
2014-03-20,0.035214071016484105,0.5776893088618555,0.8821161405669441,1.3189332264485782,-0.5616961006650146
2014-03-21,0.2879807170401299,0.5743342247787592,0.6870679938510436,1.2992827557848188,-0.5658109047703398
2014-03-24,0.7203564797544458,0.5091755008144401,0.84657514861246,1.374394053052451,-0.6627935255783501
2014-03-25,0.8394297865109904,0.6053584374546399,0.8311953554469911,1.3449985049313726,-0.5919131187810084
2014-03-26,0.7444844097692508,0.37513746253863833,0.9665810721488247,1.4786281587901415,-0.4498231694050178
2014-03-27,0.6222130057405769,0.05930746331189752,1.1489304912288085,1.5934915619615069,-0.47795760689510014
2014-03-28,0.6656137035297949,0.037785949084597016,1.2323367459840326,1.6849519830927295,-0.5136777385376119
2014-03-31,0.5859100163816894,-0.042934552343742445,1.3087725780183763,1.7152416023590487,-0.2762547028227555
2014-04-01,0.9372305757343213,0.15355480955621814,1.0286904914797128,1.5134858938151694,-0.22175050552438072
2014-04-02,1.0274560880060717,0.19593853473503967,0.9619274807578777,1.4999057293779323,-0.09339397689468838
2014-04-03,0.9039863722368913,0.2350771384271976,0.8887493169012902,1.477246311309559,0.03422066843584669
2014-04-04,0.9826402734703736,0.28702166636804044,0.7090207625888267,1.246855146261448,0.21593406843491833
2014-04-07,0.7071342553126658,0.14183829522265617,0.824727227105449,1.349851467693897,0.46791231094984226
2014-04-08,0.7038002858054104,0.09012181438975453,0.8864372079658891,1.3544245557728665,0.5124391398942202
2014-04-09,1.030528554983964,0.0886049550325107,1.084875504776817,1.4456765641260132,0.4865079372761578
2014-04-10,0.8346655176533156,-0.02038245619480876,1.2068252768653538,1.4929584482569302,0.5753828774392907
2014-04-11,0.7130659012510198,-0.02526587252137749,1.0377740094590988,1.4404650359681044,0.6577371208830095
2014-04-14,0.6947184796487644,-0.10213841196145906,0.970355685827649,1.5362751272525805,0.7441232664663593
2014-04-15,0.5190848487324556,0.3949612888396728,1.09841383590068,1.0865788579878195,0.756154233128134
2014-04-16,0.6294747380104216,0.4583044398827405,0.7079609105492818,0.9376223762077681,0.8432387544838903
2014-04-17,0.7176075592701069,0.21044781565732198,1.114220691436835,1.621907068707691,0.7183216157086795
2014-04-18,0.8406332212317712,0.029102768178717542,0.8956211293057449,1.5615535731875567,0.7644425260126524
2014-04-21,1.0804186924224661,0.08108825140535568,0.964429121618807,1.3263772805993967,0.7465860011931343
2014-04-22,0.8915784152248794,0.11174484385212348,0.9876828636161781,1.4754798492755778,0.6354746410916978
2014-04-23,1.1229093316345446,0.056777764058685724,0.8103486513881998,1.4686534659637096,0.5961655266966883
2014-04-24,1.1575844070258685,-0.1423165220643245,0.5385661699619508,1.5999802406044104,0.7403301453629848
2014-04-25,1.2408941384854717,-0.18757850988435207,0.27761877449328876,1.1594186175285295,0.9847278352118761
2014-04-28,1.4171310479509227,-0.2117489287753495,0.20172859070538007,0.9273149314331481,1.1175611201332805
2014-04-29,1.342720330696864,-0.1609967207513756,0.04547423357617092,0.6261232494796205,1.1959965877100476
2014-04-30,1.381449835593582,0.03258940327493928,-0.07629079997784867,0.46928826779564414,1.0627507719142837
2014-05-01,1.395500317489996,-0.01128466485477973,-0.19861051422951953,0.5226561076227118,1.0900557899513368
2014-05-02,1.3100303453686466,-0.096282437466215,-0.1065779435575621,0.352087204574779,1.1345784961627705
2014-05-05,1.2553588513859177,-0.27307720018925796,-0.008741652804800175,0.512657057743669,1.14978776701275
2014-05-06,1.5176168709486788,-0.36340158272580403,0.033953816385124874,0.40845080394840244,0.9312105401391589
2014-05-07,1.1974001986954208,-0.507609924242741,0.15298384868643075,0.2960672314257127,0.7632197938753473
2014-05-08,1.0693695331024322,-0.4479131817353326,0.232602875921908,0.3749785100479257,0.8373822672815274
2014-05-09,1.5585320699284826,-0.7513845975256758,0.4504043551259769,0.8542778392998209,0.6940616345966004
2014-05-12,1.9390384887935284,-0.9033279630493999,0.46814436916428664,0.8408983705177459,0.6611140590636247
2014-05-13,2.111145748761145,-1.0714777914244407,0.7030855520521133,0.9278213332317669,0.2900584148840556
2014-05-14,2.2602530526245728,-1.2267970968788262,0.7768425989983333,0.8269718850644397,0.30251775576464457
2014-05-15,2.256543984729557,-1.211552027411626,0.8706394234762342,0.6623299189805346,0.47031868490567297
2014-05-16,2.570798005062022,-1.3846425679885326,0.6847463018892732,0.827028367930784,-0.09547687506933863
2014-05-19,2.9106224303980106,-1.9185521561555454,0.3749876474851716,0.48752183257065435,-0.04234054237795061
2014-05-20,3.095907726007902,-1.813403565325974,0.42967158347488527,0.5186013331437949,-0.04913389708680527
2014-05-21,3.3219744993394014,-1.8548102260044428,0.5023330809076555,0.31968778274721305,-0.03651920901741826
2014-05-22,3.582929840346741,-1.9889074422842707,0.6366331687398031,0.42284632963662017,0.0038848445703308964
2014-05-23,3.597752278274973,-2.206585793597845,0.7707561154540137,0.5603894674097903,0.006599538098567991
2014-05-26,3.480573511741833,-2.165435668247894,0.7860209028282231,0.41247029860745416,0.13487195480406775
2014-05-27,3.685362712428142,-2.0376873951536165,0.6200644152080845,0.11907580674898728,0.15315730081263018
2014-05-28,3.5911080334727976,-2.2234552142947597,0.550978806280013,0.2570727359278354,0.005636551018180166
2014-05-29,3.4796252719235845,-2.1307144352029055,0.6189555386874978,-0.0055101755828504935,-0.044222775531841854
2014-05-30,3.293639828426834,-2.0720164375988634,0.8007243137385817,0.39977120066576327,-0.0029739338943937576
2014-06-02,3.477194967565452,-2.338525896748923,0.8569184079318345,0.6924326979731044,-0.2811285289953635
2014-06-03,4.036352266915624,-2.2525164497382306,0.7513432038988761,0.37213651037171946,-0.22712913387615627
2014-06-04,3.912585436547626,-2.213032977793143,0.9365735061449831,0.3578557550509636,-0.2656267674683142
2014-06-05,4.012996611600857,-2.2700718586942474,1.0686784304168542,0.5478488270285041,-0.23549554309046983
2014-06-06,4.092908824156567,-2.2513013567200244,1.0558452400229503,0.6500058921541957,-0.3347222758642924
2014-06-09,4.1015711979614125,-2.4148585283687405,1.1373057489886766,0.6668437481671683,-0.1591499242496393
2014-06-10,4.329618644423246,-2.2404715164749893,0.8978958194983795,0.6851391738229607,0.04266467027490822
2014-06-11,4.544486000678974,-1.9756821285142265,0.6557986867596302,0.2991907038229306,0.20392137825373066
2014-06-12,4.639942256335873,-1.9182021935421953,0.8178247426605436,0.39106585197753263,0.23282236159279435
2014-06-13,4.42528185559383,-1.780557166327849,0.724157009657706,0.05149197787341593,0.4503198439669783
2014-06-16,4.626698541418612,-1.7941042170419947,0.6843756090381876,-0.05789996841315865,0.561697127757975
2014-06-17,4.8050694424485325,-1.8759453950544767,0.6797858375708284,0.1505873919810211,0.45489373380595294
2014-06-18,4.723390410160096,-1.7796681993818235,0.5050170734781745,-0.170040094393164,0.47210164019373063
2014-06-19,4.756849709958119,-1.7104839246448038,0.5437013514588019,-0.14860452948322292,0.7326107954331701
2014-06-20,5.1165602919880895,-1.7068384068927973,0.3919218058854702,-0.6218221427008712,0.7860073670408194
2014-06-23,5.352743507612906,-1.642564748974311,0.09561611078902664,-0.983821018011944,0.9888786360253368
2014-06-24,5.7759698356472615,-1.7560965298110156,0.039404718124413596,-0.9728369642756254,0.8678693401328923
2014-06-25,5.938062419371397,-1.827517324816359,-0.0012108862871916936,-1.0975373631688246,0.8005656227132164
2014-06-26,5.778240141169903,-1.7260613478052582,-0.10081211815045875,-1.1832865026613835,0.8732457682179099
2014-06-27,6.144565091194912,-1.6624566930446,-0.41830876755442303,-1.4380992261448486,0.7620603379582289
2014-06-30,6.768906981115842,-2.0298810805462124,-0.6433060690119978,-1.654052998553301,0.7635337278299167
2014-07-01,6.9192012940917875,-2.082330480595449,-0.69713684602123,-1.562904292225285,0.719475402083646
2014-07-02,6.99597862540464,-2.0798210207224264,-0.6085502200938808,-1.3959098257268658,0.5863164847579972
2014-07-03,7.05094085652341,-2.0630358788576393,-0.5387545452215098,-1.5046981089279612,0.5664069050877626
2014-07-04,7.32161612025183,-2.180978041274391,-0.5920248815160308,-1.618489418119181,0.6060337944065157
2014-07-07,7.336850632582257,-2.0010756509055367,-0.5550515697185373,-1.5619165973914613,0.767804935301895
2014-07-08,6.773527401079357,-1.9170429272959781,-0.6801725686248171,-1.8323391240726044,0.8153589629285124
2014-07-09,6.655207944577862,-1.8191265770952365,-0.6781903227039524,-1.9028310944857258,0.6572318742629171
2014-07-10,6.602300134989273,-2.040829140401657,-0.6836543216707086,-1.7730583250203598,0.40101195304508735
2014-07-11,6.3139980839691585,-1.6255498852760066,-0.7758586274458904,-1.8409849598611336,0.503509979317624
2014-07-14,6.5039423751522065,-1.7008815094961893,-0.7462312640209422,-2.2089992367079274,0.3100068904574524
2014-07-15,6.960610146907589,-1.5649807710379824,-0.8405141353123754,-2.26867152646893,0.18157467609075997
2014-07-16,7.013592105441919,-1.77533208880961,-0.6296679981473593,-1.808892818152135,0.07815377853448462
2014-07-17,7.222681092133527,-1.7864568679929176,-0.4482587651271529,-1.8225038812836079,0.21753461460819765
2014-07-18,7.396007894015878,-1.7004800034860894,-0.6220099786871527,-1.9029900580315438,0.20239156609961104
2014-07-21,7.354896064947249,-1.5486419154479054,-0.3263862403215098,-1.7513872394001868,0.12914440797988155
2014-07-22,7.513650780886822,-1.2326301562770274,-0.1910396178731226,-1.4685111090026213,0.14180040080659312
2014-07-23,7.504854156400572,-1.0542738336309714,-0.20076642517383886,-1.2649384928141745,0.22060464947374184
2014-07-24,7.570604673845632,-0.9777083700211687,-0.16553278043483596,-1.217661357742021,0.15323701457796154
2014-07-25,7.256428889689466,-0.9331513284851408,-0.2674552635011184,-1.0123694906970786,0.3312055606068463
2014-07-28,7.048137150056944,-0.7503745666998027,-0.2305242760452152,-0.9708444990090228,0.3928605832476025
2014-07-29,6.966246708082185,-0.6386157196474929,-0.1478017552793621,-0.9160300923449697,0.37191756052736524
2014-07-30,7.117126518116473,-0.4894967643261462,-0.13767445614699025,-0.8975606662500185,0.3167767228923434
2014-07-31,6.795588764258359,-0.481188423245744,-0.2995501918064343,-0.78271827734403,0.43147617044749215
2014-08-01,6.541433055129106,-0.4455815477152673,-0.6249912402408457,-0.9936617712914757,0.6302919187356095
2014-08-04,6.545681306234652,-0.37732133234145526,-0.24152086293186734,-0.5362834191321336,0.4025690014466699
2014-08-05,6.405586846744128,-0.5167064390951337,-0.1911841917546039,-0.06543143162933092,0.3750610529272775
2014-08-06,6.386857783537747,-0.4586555289137846,-0.45653817145315945,-0.36185445372026487,0.6759574930691096
2014-08-07,6.347731111280127,-0.3843812858128096,-0.6416298240433246,-0.3541277515172721,0.6784292011653703
2014-08-08,5.944932633735761,-0.2423557495156206,-0.6900736560638627,-0.376367130440041,0.681326666731087
2014-08-11,5.891402666104055,-0.028785816757630804,-0.4903401829077329,-0.122917416540142,0.6042055100657665
2014-08-12,6.217947985038062,0.10603999901202053,-0.7144031584293413,0.034426092061840614,0.5232380021486293
2014-08-13,6.238035840419169,0.2567959847014386,-0.6638317349387585,0.06704762693293462,0.3586843181337002
2014-08-14,6.454516691837756,0.2892105978813156,-0.8927855865577738,0.2066730010059797,0.26878782605808216
2014-08-15,6.499336029868017,0.3169650931659703,-0.7580827720352211,0.11899447071061155,0.2058221833018207
2014-08-18,6.538168373028463,0.37959162882744835,-0.8005698447128042,0.23771301656650684,0.11050198229068778
2014-08-19,6.610837165267286,0.6123583388007705,-0.8750767624029566,0.19522469852382288,0.08060160035548714
2014-08-20,6.6355800377379675,0.745202621848007,-0.9580901798004305,0.10844314804209787,0.2372931896043803
2014-08-21,5.898340239908635,0.7563088198405696,-0.7611915411224742,0.5874817021375361,-0.13362952027242764
2014-08-22,5.7418561218529485,0.8715910079821712,-0.8748724200957624,0.7574417633728319,-0.1351564767968309
2014-08-25,5.729342386710582,1.0669392042237422,-0.9554437686302396,0.5028625758506315,-0.3988460011457731
2014-08-26,5.647015647908544,1.1594607468028513,-1.0757475222738673,0.6110504182926503,-0.4981324400674208
2014-08-27,5.77037960873418,1.1675582935126727,-1.1744654270043513,0.5635788555281319,-0.43495916897931586
2014-08-28,5.633673310119193,0.9679977572170397,-1.2347110680203712,0.5798457756571399,-0.4191832344626818
2014-08-29,5.604099867543779,1.047307845242878,-1.0471366853912096,0.5146712848979653,-0.4661627445536744
2014-09-01,5.834444160547975,1.1186983644351989,-1.1305523297015567,0.4183664135508901,-0.40381418875947506
2014-09-02,5.86148685268944,1.3411240169571237,-1.1819764925178995,0.4801869357751133,-0.50948951994661
2014-09-03,5.838846805466585,1.2963689780987604,-0.9345751346564566,0.4603932674775381,-0.3886750507189305
2014-09-04,5.926909781907068,1.5226448652449098,-1.1112954503614916,0.33335245541466224,-0.5069918668314605
2014-09-05,6.075727063660337,1.7391361801688587,-1.2405447518522779,0.20568088130728443,-0.49006976287391985
2014-09-08,6.328440831923986,1.9118544321125024,-1.237340978058852,0.20439554740555083,-0.5364031105389074
2014-09-09,6.4533372673794895,1.956617530669422,-1.3673742690121962,0.07184901831065527,-0.47679317446162817
2014-09-10,6.197838868152255,2.2175104862472446,-1.5299770392739678,-0.05588595758633342,-0.6279956635448003
2014-09-11,6.027381271453457,2.3832372965707043,-1.3383434876830225,-0.011615467769691747,-0.7840209700248925
2014-09-12,6.008523191687492,2.684417627115375,-1.3102840273413945,0.024985828573765828,-0.9179731938503951
2014-09-15,5.844635105546642,2.7821491476502724,-1.4060576234138422,-0.014936038955795457,-0.6990719654010459
2014-09-16,5.286274791443653,2.7718365488744845,-1.2386232867096223,-0.18449020777071953,-0.7552909176160242
2014-09-17,5.06633603517847,2.924798055102102,-1.1312354521614638,0.12791903385978995,-0.9072755639430564
2014-09-18,5.051613444807674,2.9212968263593044,-1.0044047910513778,0.7311179131483864,-1.058141546343263
2014-09-19,4.5417625197568805,2.8929956461401427,-0.7542876107976476,1.0914729366010423,-1.0584155646609004
2014-09-22,4.342542463057392,3.047468736406604,-0.6353884319163678,1.210148918471841,-1.244826691546897
2014-09-23,3.804316695266439,3.162352021546778,-0.7713127528851811,1.0087567737219747,-1.2305021798274831
2014-09-24,3.565953467048046,3.3389816552157416,-0.41009509345825823,1.2831198973979658,-1.0669562734575895
2014-09-25,3.3551255560859317,3.8981591504761863,-0.5809547791930195,1.2246341188595777,-0.8252638003669114
2014-09-26,3.2682974108637897,3.980968941835452,-0.3685186889980404,1.4130286575201136,-0.9976184074607641
2014-09-29,3.3440532928999325,4.048755900331224,-0.3394998623056906,1.2797554171622654,-0.7545026253672167
2014-09-30,3.257279298441935,4.3457895721191955,-0.5463462325417284,1.3303448104780737,-0.8674486288741684
2014-10-01,3.008355252735852,4.38020992297958,-0.7133278662376932,1.3715266653427376,-0.8674703715358683
2014-10-02,3.0111904804099328,4.321636476388188,-0.70514115580636,1.4113571640204,-0.8058701495150435
2014-10-03,3.043927633967437,4.40464974339518,-0.6491230902666819,1.3328889208046566,-0.9067992495335886
2014-10-06,3.0563379403134308,4.31143890364934,-0.7428509252131209,1.3768416954980822,-0.8345033235084199
2014-10-07,2.9408641802573587,4.345936872875749,-0.9900017545023091,1.133869637900173,-0.651429095379621
2014-10-08,3.0121329626515796,4.18832567292119,-1.0658140695324767,1.0019201298165088,-0.8407559148046019
2014-10-09,3.2031973690295135,4.023385390254094,-0.9562754745479202,1.4130243443403845,-0.8214150589204754
2014-10-10,2.9678717408538504,4.370690371291304,-1.0530710159196393,1.0402523043404208,-0.4004577004140776
2014-10-13,2.8783360193622345,4.2933204076525815,-1.0158901222545897,1.0106705867001233,-0.4278051647372917
2014-10-14,2.573796008598035,4.4966341250689705,-1.0727127569038324,1.053797076227691,-0.5490640349089713
2014-10-15,2.523149159684349,4.507069950388353,-1.0901301307779354,1.0822275860779733,-0.5197496034649159
2014-10-16,2.128034455605331,4.575159418444814,-1.1368029842743954,0.831271148950482,-0.5601406819650521
2014-10-17,2.2495347790306077,4.5913376290144114,-1.2205659749226812,0.7887635630362942,-0.6383446748221172
2014-10-20,2.383298178834886,4.536484155772505,-1.2040950144592517,1.167478847996439,-0.8939570142604987
2014-10-21,2.295366660311116,4.388038407391038,-1.1564429510734144,1.4407914831994546,-0.9539440923021668
2014-10-22,2.1394307280839895,4.531960038508285,-1.0368677410333322,1.7885786701226019,-1.204800814714463
2014-10-23,2.122927866161245,4.636394998768758,-0.7951600866627246,1.7078395538130309,-1.2794351646733293
2014-10-24,2.1365293051828655,4.630948202443108,-0.879846711893247,1.69991031205159,-1.2889302933613191
2014-10-27,2.0668437361367897,4.624180687126331,-0.8462348668742024,1.4474774776451063,-1.318263555792819
2014-10-28,2.379918631988104,4.754370161774841,-0.8928811702219867,1.2844411712336659,-1.318019250489062
2014-10-29,2.486115583106112,4.694106468681355,-0.6267253055678043,1.5269865548561072,-1.4802372041717122
2014-10-30,2.78551544780978,4.844516269479543,-0.5449120736823655,1.4695302875524132,-1.5921818727001522
2014-10-31,2.85576635368421,4.904448064684516,-0.5021169393994108,1.5243430029068499,-1.7338653425670796
2014-11-03,2.692204694569897,4.928985070345966,-0.4340618634350195,1.692193461270524,-1.7997173945701241
2014-11-04,2.6711562069922676,4.962736764568293,-0.4027194229445344,1.6999954729277573,-1.8093513401248222
2014-11-05,2.7215007337403465,5.034371328064566,-0.33424084836741524,1.6200734374582357,-1.7977853447314416
2014-11-06,2.669434992586481,5.1231853387282795,-0.30098953786241184,1.6387054560314964,-1.8322101377710716
2014-11-07,2.3671543108967197,4.976980042865347,-0.10529814945684358,1.7422746048698818,-1.859963020289358
2014-11-10,2.5849143180937117,5.131017927021549,-0.21168085755992364,1.7571630465299566,-1.9728993544708466
2014-11-11,2.92218957756141,5.404349975716532,-0.4433088172257763,1.5120102856991389,-1.9841859911333601
2014-11-12,2.6433832826473522,5.520047566159126,-0.3383169735536111,1.7586112087258305,-2.14513071088984
2014-11-13,2.6515687947789037,5.5835817157086,-0.3600525495298004,1.6317091151296934,-2.224284734223036
2014-11-14,2.5799237906152652,5.3096067354363194,-0.1961042373634809,1.7001211016281697,-2.293797617121766
2014-11-17,2.4874050264625547,5.2090822707392865,-0.0956404785207741,1.7357441466104775,-2.388747560759495
2014-11-18,1.9752946307525465,4.931234396777243,-0.14407465274770986,2.1906408903009282,-2.4370204744690316
2014-11-19,1.9082071884455956,5.016718527327733,-0.24826193588256956,2.0338280706917615,-2.276291629044489
2014-11-20,1.6484236448081429,5.009042680773679,-0.20586607616535052,2.306478979562866,-2.1968455820342965
2014-11-21,1.7217458128795118,4.972074720749306,-0.22064432604132286,2.2833276544131844,-2.3008514235540276
2014-11-24,1.544973824114465,4.948469945807594,-0.1499860894417511,2.5081054139082677,-2.330917748015397
2014-11-25,1.04276796540934,4.806926772945872,-0.37246650421295774,2.417969113315543,-2.2822840217960123
2014-11-26,1.489956707544689,4.670103202327926,-0.48784796483936593,2.196593618095173,-2.3328607494003153
2014-11-27,1.824996305972888,4.843777175524099,-0.6199978591782227,2.06763385384359,-2.2266177502042606
2014-11-28,1.5051619682571298,4.8652784375760305,-0.1736415684204275,2.38904118784158,-2.1658175632034293
2014-12-01,1.6787859139239734,4.630709730265242,-0.4549127654755067,2.128487846123038,-1.93644263810887
2014-12-02,1.5243056640357104,4.737514113642088,-0.41547291894555843,2.201164290634235,-2.0917147287833484
2014-12-03,1.0974850714116875,4.498304793600431,-0.11702334474315929,2.6577783465174845,-2.1122393010280405
2014-12-04,0.8986634599672875,4.408160503622924,-0.15809760180621887,2.7900367499294836,-2.2973456559091576
2014-12-05,1.1155143166085972,4.419169759101384,-0.3829170044887206,2.423747234955613,-2.4933239706527566
2014-12-08,1.0679697769386864,4.301728411012032,-0.7339046008054078,2.080810673066601,-2.4848452397068037
2014-12-09,0.9462636042426148,4.376787583169071,-0.9068577079838588,1.8857188496280808,-2.2116062261225102
2014-12-10,0.6795506561108299,4.236279761808177,-0.837524244781555,2.1243060646282874,-2.309363324819303
2014-12-11,0.5309438667097243,4.26290242913421,-0.9773185430640653,1.924907218984741,-2.300784751826678
2014-12-12,0.42599045328495777,4.5678375878309785,-1.006719428403057,1.5377313186065436,-2.3572060368111587
2014-12-15,0.5802124548353991,4.631001555399356,-1.0425652468315487,1.0993610772168914,-2.3550892206941345
2014-12-16,0.5036047844142646,4.991131256440475,-1.4261613681097411,0.2914625244979421,-1.925841524750141
2014-12-17,0.2751071527874981,4.845784977697154,-1.4653968903589796,0.1896800331478671,-1.8465106471186619
2014-12-18,0.6054487747908287,4.967134085672483,-1.2784227528374135,0.4668029562968785,-2.1302537733306237
2014-12-19,0.9654152144197801,5.160510444358095,-1.226908976108917,0.4512181036507982,-1.940647404248524
2014-12-22,0.9485485120097549,5.106769667688011,-1.0976925355847942,0.831066797225192,-2.1961854811522605
2014-12-23,0.6641027844805831,5.059967454390367,-1.0203677498879613,0.8178931131142717,-2.1288104141264155
2014-12-24,0.7221317156645881,5.12724614593867,-1.3372098206567569,0.4338511621439755,-2.2271615506458553
2014-12-25,0.7226671118738387,5.127333147147446,-1.3320628263014063,0.43592541613735847,-2.2260350510410074
2014-12-26,0.6876294385684626,5.187460456842707,-1.342291705333391,0.5685700646351031,-2.125417272733386
2014-12-29,0.9991607233643989,5.245732247267723,-1.4689010235007791,0.4872339880135523,-2.1579845533194857
2014-12-30,0.9387203856063457,5.067461225627903,-1.493109682435778,0.6536766420970278,-1.9487427892076186
2014-12-31,0.8944300897830567,5.007587635260189,-1.3083396667757965,0.7383349301627963,-2.0836909033985975
2015-01-01,0.8621588983669207,4.842059627227965,-1.2666298805756582,0.7747191192368998,-2.0633393633030934
2015-01-02,0.8772119571427173,4.816201474163398,-1.21992313272919,1.1392830297575425,-2.142734602147913
2015-01-05,0.7443521898210493,4.739019001144417,-1.276456778135548,1.1534781383937187,-2.300606545099287
2015-01-06,0.2648853361701611,4.755505194059187,-1.577052747077996,0.4717996443252498,-1.996464528146178
2015-01-07,0.02853043342181503,4.628103363449671,-1.4351458099762793,0.4306226643058024,-1.9657220243123907
2015-01-08,0.3323561323096157,4.579011895058375,-1.353440993584863,0.7748569544380213,-2.2160532150013172
2015-01-09,0.48671551451976713,4.573504831673726,-1.3321189804007396,1.01828527054487,-2.0592862640206766
2015-01-12,0.6661009583097879,4.53992716707641,-1.4217386050575835,1.0623376199607815,-2.027434099281825
2015-01-13,0.5513319004247084,4.620539348378636,-1.619199055748192,1.0649480523233446,-2.1552176098288576
2015-01-14,0.46524185918437544,4.360750191010192,-1.716923790677841,1.0178900564726996,-1.9402316857110282
2015-01-15,0.8289042539760896,4.170062505280429,-1.7255556401182772,1.532011462802582,-2.065642744971883
2015-01-16,0.7928284377294028,4.130406132715831,-1.711384989920789,1.697292552375559,-2.1722315724178762
2015-01-19,0.6834404078366314,3.9541900317532765,-1.6220662393263634,1.740856733934297,-2.2739561172807914
2015-01-20,0.6409150496490982,3.637208520413427,-1.5627658119592536,2.1515817746362016,-2.4965560562554163
2015-01-21,0.44431927079364353,3.5743300318117033,-1.526549098870726,2.178272565502772,-2.3831241311795304
2015-01-22,0.35666246897812554,3.5721854865752345,-1.6456021779835952,2.3174869687026605,-2.3506191142965207
2015-01-23,0.05074266887314215,3.4253262398188147,-1.5008977203056089,2.675514058949765,-2.4377199554832885
2015-01-26,0.04875409338294956,3.4969680984225584,-1.6122222847251975,2.7127909728857538,-2.5113960261847024
2015-01-27,-0.2012627556087388,3.4135766119164734,-1.462333579546072,2.9536056274652744,-2.5706975430416277
2015-01-28,-0.2847656173788529,3.4807285383434734,-1.3891290359410484,2.982182971695293,-2.5250855384989954
2015-01-29,-0.5982871776008708,3.4396894250746657,-1.0069902210369808,3.3196103157738936,-2.5688583755048713
2015-01-30,-0.8665386076665798,3.0634771326764834,-1.0664167971794505,3.0818228934374834,-2.283681621764023
2015-02-02,-0.6244457282665444,3.268592741480265,-1.222379969688015,2.726285734153325,-2.2575182410112435
2015-02-03,-0.3172801960194919,3.286505803277086,-1.3415413747761118,2.512168777767531,-2.0970838113269856
2015-02-04,-0.21615282609338754,3.2393412249774354,-1.4322248734554703,2.4042239367602116,-1.9919330679844016
2015-02-05,-0.5809696004691558,3.285063781592947,-1.320634619296158,2.4402183534582096,-2.06709698378676
2015-02-06,-0.7856305226793928,3.22820042799689,-1.117054008932572,2.2312744507804068,-2.229316684152344
2015-02-09,-1.0802647295560546,3.2397335344835176,-1.2138265505587682,1.9436191355365078,-1.824064136633376
2015-02-10,-0.8354553768077536,3.3813251122908774,-1.4206904688048574,1.9939896800535137,-1.867531078695514
2015-02-11,-0.7290283546041271,3.3865317145516625,-1.4246235024743548,2.1007503315493676,-1.984900887583875
2015-02-12,-0.3621751238853815,3.2495822743842155,-1.5230655579216061,2.1449289006342003,-1.8375014035066592
2015-02-13,-0.26085860904212155,3.2902428160539223,-1.3975545197823094,2.267140790919538,-1.9724197686708789
2015-02-16,-0.06953108474851567,3.2576424588948325,-1.5455278540197999,2.007482072064423,-2.03582150176444
2015-02-17,-0.10015732913383879,3.3679564137284346,-1.4273223884967048,1.9542303092605784,-2.113044104911007
2015-02-18,-0.06238069831604709,3.2621689432404226,-1.564127057664559,2.0800914522197758,-2.108455164119652
2015-02-19,-0.561851915928212,2.877990584047688,-1.3040618791141818,2.550687568889703,-2.1749543462400283
2015-02-20,-0.4536103569920961,2.8788028535128194,-1.5151087657015632,2.3380428719309667,-2.085963657623238
2015-02-23,-0.28516498707935783,3.2799121020455657,-1.75693603764836,1.995793578660176,-1.8949289515558507
2015-02-24,-0.3349597855772173,3.384991172501134,-1.6229966206308473,2.0738212363100845,-1.8101571003551453
2015-02-25,-0.09172113118174505,3.4614921192242356,-1.8967792891343782,1.9298511332744945,-1.9770390779969762
2015-02-26,-0.23355269079248633,3.411578419589201,-2.0500161509866657,1.9069422733232864,-1.9189744281817944
2015-02-27,0.05368668086173557,3.144485282069741,-1.7829094138785808,2.2385545009322225,-1.9241017963061866
2015-03-02,0.8336548322803716,3.265343169691538,-2.5346528695095176,1.9272871207196705,-1.7739709815015758
2015-03-03,0.9355959975102397,3.313156542256753,-2.42083984941768,1.9039954817603069,-1.5741740628988874
2015-03-04,0.7094454741758841,3.279754779320733,-2.418638428106576,1.9715471343973685,-1.4137510366891162
2015-03-05,0.8857583527706571,3.376062438705368,-2.5510463507286696,1.9269945554639822,-1.4657519285335745
2015-03-06,0.8757261845902485,3.4916174861218603,-2.5545342688931867,1.869116028576394,-1.5774278378436508
2015-03-09,0.474081544219256,3.471301192849994,-2.6483614881318127,1.577444214243921,-1.3729126197774164
2015-03-10,0.464693101492443,3.627437846828146,-2.7451948338109853,1.4685071271894266,-1.3850578349186797
2015-03-11,0.5387933676142814,3.609999561997568,-2.838790561124972,1.337129007469453,-1.3953376146125596
2015-03-12,0.6229549118399964,3.5139940072488125,-2.887946122004475,1.6619559426273147,-1.5417953149697934
2015-03-13,0.2698857347740689,3.4929994989640027,-2.9020172233123422,1.4921737297361772,-1.3969769022058354
2015-03-16,0.10520223262481537,3.3930633012120537,-2.8313262776174564,1.431948750672091,-1.3151665694616699
2015-03-17,0.02884525552302037,3.1936445842999923,-2.4916094582462414,1.8166018938374744,-1.382474677902123
2015-03-18,-0.032124094285977525,2.925074843585816,-2.3841557209634328,1.7456822595216406,-1.179535134115995
2015-03-19,-0.325058841808643,2.917696000202404,-2.5894093760468966,1.77022974535303,-1.1742282477635664
2015-03-20,-0.47362182222837307,2.7652855405477474,-2.570590643367643,1.520735862369956,-0.8651177572838453
2015-03-23,-0.6119397923538562,2.8463136468782357,-2.434063494115363,1.4279251752132098,-0.9358092314343394
2015-03-24,-0.8413727338468532,2.806631168090874,-2.3671694264304652,1.4610003386321675,-0.80840358936687
2015-03-25,-1.182008126212783,2.744366474860662,-2.2072600109632665,1.6847279467267322,-0.8198501217061662
2015-03-26,-1.4580299180900353,2.807984195816521,-2.3985862528793254,1.12592728109222,-0.667811025531326
2015-03-27,-1.396826036576983,2.9418445853466966,-2.4731605893547477,0.9378081819187359,-0.7502656665395454
2015-03-30,-0.974170966377064,3.0406552754555674,-2.260846232920968,1.1846890235292804,-0.7797695806133127
2015-03-31,-0.7221569664700709,3.267678621944889,-2.1995483112453513,0.9455901354697293,-0.7715031555647606
2015-04-01,-0.5366431635492162,3.010252935194136,-2.170323730818565,1.2206161863916272,-0.933362278645978
2015-04-02,-0.5407952218413705,3.0367400854930744,-2.2269985106502577,1.2562610612687968,-0.9567106493110635
2015-04-03,-0.5331532877979299,3.0271314365133537,-2.2181820162224595,1.262434566717456,-0.9510033451701558
2015-04-06,-0.33303641652961247,2.95669947694009,-2.123451965129213,1.5003906786152503,-0.9163793040785266
2015-04-07,-0.3745553244775504,2.9906306586105527,-1.9081776924575098,1.5541885318626458,-0.9114462316084384
2015-04-08,-0.24059563541568596,3.1091896755267383,-1.7734069822250818,1.652064996293828,-1.1444304667293272
2015-04-09,-0.3748620748832979,2.8900610836912266,-1.5078047120047235,1.848985783880142,-1.189400827636253
2015-04-10,-0.39577724185632096,2.6931383608464405,-1.4708566336032376,1.9561129082420572,-1.1443025401373665
2015-04-13,-0.406406952377527,2.776884047550046,-1.2352763481284852,1.983373244869326,-1.2961745907596598
2015-04-14,-0.42716576493913383,2.7936526053154416,-1.1171183245832381,1.958191513600173,-1.291192878059809
2015-04-15,-0.5580861347074586,2.5506832475771963,-1.0384306604265974,1.7445237059201408,-1.2225785807419776
2015-04-16,-0.506017098665114,2.6232092102529303,-1.0278519095702665,1.398621393334794,-1.0536776304126327
2015-04-17,-0.5642509041272227,2.547478524479351,-1.3826107445721707,1.152719663010758,-0.8424863158299624
2015-04-20,-0.8990220399563795,2.791294142518428,-1.4413195493029265,0.49619903826966844,-0.5359820382759136
2015-04-21,-1.1576228729868983,2.9063456250459625,-1.5131328279421925,0.28867843628375184,-0.4450363215652119
2015-04-22,-0.8852303713045968,3.0494297073361123,-1.5257903281916967,0.23064534621352245,-0.4754289216130642
2015-04-23,-1.10782655664296,2.9736415334382142,-1.3501394579147912,0.2344297395625023,-0.3965148932083042
2015-04-24,-1.4526787060539845,3.1010218057479566,-1.2735060931432514,0.016393383166895113,-0.4908775600676948
2015-04-27,-1.5768343083718983,3.0758295465154095,-1.6591273337393564,-0.2695787461187719,-0.3098304599622331
2015-04-28,-1.0845524216135263,2.9659374688595297,-1.9528291012999273,-0.22920316710214103,-0.29574068717869106
2015-04-29,-1.2296978096241045,2.89811736539809,-2.000548894630089,-0.30182004570163523,-0.20153134584981824
2015-04-30,-1.048322503915799,3.0725617479316294,-2.04824767948225,-0.7964621852407909,-0.26586750525018443
2015-05-01,-1.0548621228072184,3.0879828468885533,-2.219990332773339,-0.746564601644341,-0.29143404646041277
2015-05-04,-0.49540761872890043,3.050360026630002,-2.1656347450697426,-0.4008552857962242,-0.222114581908211
2015-05-05,-0.680872200124427,2.784583636068286,-1.982950747395711,-0.21494628534327923,-0.10111259446972388
2015-05-06,-1.2663704155462912,2.845419555389868,-2.127767508197574,-0.811392109973795,0.1693383331167141
2015-05-07,-1.8472926136645018,2.8851920380505263,-1.7962202934872817,-0.8501615394601907,0.15239288622170158
2015-05-08,-1.6547996767903657,2.668539447188089,-1.5330413564170027,-0.4295830163097388,0.046232585960999883
2015-05-11,-1.387234851472233,2.752101401869503,-1.4523943122803364,-0.0955449065226437,-0.045653020853592664
2015-05-12,-1.8671577224334466,2.8451688456805595,-1.6544362189693151,-0.5703235930106481,0.15430921936368805
2015-05-13,-2.091268732932038,2.416386665755415,-1.4547755688590456,-0.03203035186664882,0.05830918815616048
2015-05-14,-2.0812308927244056,2.1911272886052005,-1.2862332685278197,-0.0712852286954495,0.11516863335062258
2015-05-15,-1.9006704454297685,2.2917212566492076,-1.1414589312460934,-0.10575849700825074,-0.017509256305009054
2015-05-18,-1.714335146493505,2.239563983492489,-0.9896203063298404,0.2619690704577867,-0.07179592370257357
2015-05-19,-1.8129485697113694,2.3943296559937393,-0.8453511907589419,0.1607128672683626,-0.1355589658380725
2015-05-20,-1.6215998247043963,2.6989254716079714,-0.8503194067378035,0.25845766417161564,-0.08199549580107024
2015-05-21,-1.0535457864250601,2.922157225661028,-0.989311278808274,-0.30397513220118955,0.0066933741643039925
2015-05-22,-0.8203276663738951,3.1017474917082253,-1.0536501638444729,-0.40977966239216934,0.11364582767857434
2015-05-25,-1.1722791408505808,2.9194815494132373,-0.9977474461543633,-0.5936095487073392,0.27775721960248323
2015-05-26,-1.4140468337119503,2.919171942426949,-1.0162650806104436,-0.7196442204692554,0.08837135751860721
2015-05-27,-1.4708292677993426,2.8715557175397906,-0.7752918564574097,-0.9894701374218943,0.07319404871145078
2015-05-28,-1.6071245328045347,2.7425392894394824,-0.7218458687652444,-1.1183242372243727,0.06634345418243635
2015-05-29,-1.4928664684130293,2.634750945265509,-0.2710111956804014,-1.1027813506839501,0.1778896171739316
2015-06-01,-2.092303694371096,2.3216972731511523,0.14138171129462948,-0.7947679949204834,0.09462387590408028
2015-06-02,-3.0584022206110446,2.1121013732308507,0.30701883495863985,-1.1766961527291389,0.3160529422592051
2015-06-03,-3.649556025095733,1.974184781833604,0.17868265143696996,-1.5888650709282979,0.5020679163473906
2015-06-04,-3.9315102870874523,1.9904825959743486,0.36204841186786607,-1.621904646381814,0.5368365876492537
2015-06-05,-4.05136253084914,1.8868349206185435,0.546860327900934,-1.6350468949971637,0.4089569031146467
2015-06-08,-4.489644698243391,1.7132206160128014,0.7113606455815419,-1.8400399381389823,0.4373352317024025
2015-06-09,-4.903232981896173,1.2621830880193357,0.6449459647539928,-1.5493116191909566,0.39352053898439693
2015-06-10,-4.671596109262024,1.2817770973693206,0.6136470466785819,-1.1748859784022798,0.23868589673191207
2015-06-11,-5.0844321245460575,1.3020110964476104,0.48556281059600126,-1.6366388406653443,0.41546747115522586
2015-06-12,-5.32131369097837,1.1979995002175656,0.5580558111614964,-1.47528515808122,0.20361333822609667
2015-06-15,-4.77549416078876,1.3656925756776277,0.5456498268075115,-1.7896965501217186,0.3235358803992619
2015-06-16,-4.603129820771826,1.3686332630115456,0.4401245419978731,-1.7014567530051807,0.2236849597191221
2015-06-17,-5.039392001385729,0.9866244619902234,0.6571760876312869,-1.154951917695043,0.1365109136169044
2015-06-18,-5.033310724329631,0.8409137928809954,0.7878268138443061,-0.8358373166756293,0.020283924408048652
2015-06-19,-4.531439891755926,0.8926302211811913,0.7246180026483758,-0.9069245248933295,-0.0908926261802297
2015-06-22,-3.8705669182444176,0.9240427883930736,0.7694372686271573,-0.803672421547779,-0.04831541062527601
2015-06-23,-4.0117296989970646,0.8613253210862685,0.8833885368615331,-0.6192879080709248,-0.33205978097851796
2015-06-24,-4.025470031437824,1.0078548396127514,0.8934038368293192,-0.842750399928315,-0.19424386004561772
2015-06-25,-4.109811201469376,0.7080112480016716,0.8207166752085797,-0.5612196745949009,-0.21105802375877325
2015-06-26,-4.193560413791329,0.563343934421194,0.7302282911997825,-0.5361915599002532,-0.2059531421478463
2015-06-29,-4.364424447009187,0.5702636668594085,0.652732992721682,-0.9664224778770253,-0.0241315918610223
2015-06-30,-4.333231572387857,0.5955493326656701,0.8467585317844665,-0.7148526735304043,-0.14587309767036516
2015-07-01,-4.0873405215825835,0.5687867882729091,0.9196736118267516,-0.43555755070253044,-0.34435918500252477
2015-07-02,-4.161843204742224,0.5582548178125679,1.0117781830942632,-0.41016657754431907,-0.4696972333722171
2015-07-03,-3.999518773669257,0.6855777675910686,1.026900685811253,-0.4595837388778147,-0.34327782345723684
2015-07-06,-3.9069559122467035,0.6728109312588691,0.956460900951282,-0.2779552789611358,-0.3994747602927126
2015-07-07,-3.9533213348362266,0.6534939460811359,1.089603140960611,-0.46268187143710143,-0.3955005688929815
2015-07-08,-4.396580036647459,0.8093581999138028,0.9448001830786509,-0.9688231771923164,-0.11826049085394401
2015-07-09,-4.345867164324469,0.8216029487497545,0.7120350882028939,-1.1702084942468236,-0.17966929063756726
2015-07-10,-4.315055526772119,0.8158600533747233,0.6534575786698916,-1.0237508374655182,-0.29683099668324875
2015-07-13,-4.172513355506364,0.5620659632747699,1.0164072747271404,-0.636346649701037,-0.6967912469254528
2015-07-14,-4.647084892575496,0.27482157459288886,1.2072580491716502,-0.3841537007688233,-0.7796439206344993
2015-07-15,-4.680001815018898,0.024853122385862854,1.4034835678888387,0.02981065412656558,-0.7082354866826408
2015-07-16,-4.581677333214416,-0.016511949482421313,1.592276317571127,0.3367724610807093,-0.9643163378426755
2015-07-17,-4.256031288790174,0.15094419874588638,1.5256717637754023,0.15112089371352014,-0.9625427253465737
2015-07-20,-4.288591515128781,0.034856317900816954,1.4629327582115903,0.08942655190954421,-0.8778504965398999
2015-07-21,-4.5459882920746955,0.0712839932606312,1.406857470489989,-0.3226165661991938,-0.7262586798689844
2015-07-22,-4.203109862970517,-0.030722660194293577,1.701522994907601,-0.08760614422993938,-0.7502924779987318
2015-07-23,-4.3866873681698335,-0.1382355247520494,1.7240350830729518,-0.1497517274583997,-0.7230433202262846
2015-07-24,-4.51636799627508,0.03449532281657445,1.5709118423240864,-0.5000674944528807,-0.8151156837929882
2015-07-27,-5.045952897509487,0.15820307491353583,1.318571134435179,-0.9576449703095272,-0.5608445580006968
2015-07-28,-5.025202660900384,0.24423212516017812,1.2814521502709455,-1.1486528791616464,-0.6846965151532209
2015-07-29,-4.733815953971837,0.42719911388259013,1.237854997712007,-1.2374775636111848,-0.7126386298579852
2015-07-30,-4.206719216809157,0.566560033603137,1.1050797100481449,-1.20896290836712,-0.9500053371475312
2015-07-31,-3.7274746619808012,0.5319710507741928,0.9380445312949581,-0.8363862452698446,-1.156115860720165
2015-08-03,-3.4705981663493812,0.6802736064193896,0.7655458495288009,-1.0133677501312357,-1.193498098573825
2015-08-04,-3.454902742288449,0.7357180083840437,0.6498096580247973,-1.1498160799735497,-1.388001669672414
2015-08-05,-2.9818367914187616,0.963171317219649,0.805069507183538,-1.1078314050409037,-1.3780839715167776
2015-08-06,-2.854407559559122,0.963668717988852,0.6874125069984113,-1.0948010866283047,-1.2748158277051176
2015-08-07,-3.135418578504301,0.8622009535232169,0.79945899680686,-0.9976786836937324,-1.2053042710592394
2015-08-10,-3.522750435191969,0.8013623206562953,0.8149539825150498,-1.0482960866912416,-1.260844885408896
2015-08-11,-3.774827163910204,0.9506526814853652,0.725414672338316,-1.1927234721903643,-1.0100119370236817
2015-08-12,-4.231243026665264,1.1874918900816032,0.44459535747554907,-1.8343865817764817,-0.575225637692208
2015-08-13,-4.30502919060383,1.2920521630101072,0.26505175361979066,-1.6652145715418993,-0.7648483191774712
2015-08-14,-3.8957303547623416,0.9903221325983955,0.5838942948178569,-0.9966721055027709,-1.0950668394854344
2015-08-17,-4.033990184411531,1.1746788467531821,0.23463160094249913,-0.9005996776238994,-1.0090689030959927
2015-08-18,-4.111309723000238,1.3135050189318855,0.2891902420250979,-0.9332403724146545,-1.0946344439823532
2015-08-19,-4.472200855138822,1.2163226794304975,0.43929392607449913,-0.4477096885475405,-1.0453272194276801
2015-08-20,-4.676843350096097,1.277341080448923,0.14436102439596868,-0.6602524482809449,-0.8885962356162773
2015-08-21,-4.715793778698868,1.6038478844524962,-0.2058561609079839,-0.9616814890600163,-0.749302778713882
2015-08-24,-5.626018939014143,1.9273505905899195,-0.9684646328678044,-3.2223065982571235,0.6388283856935599
2015-08-25,-4.951812051057567,1.9914103523856792,-0.999470849420489,-3.2141582649829004,0.39379530013992486
2015-08-26,-4.926955984788036,2.3151771081658423,-1.4292178483623272,-3.68662126768563,0.517303225655563
2015-08-27,-4.389638383862462,2.3205860239398866,-1.1748118004320331,-3.1691926229685747,0.06033446255666621
2015-08-28,-4.191609460162632,2.410690857484778,-1.1990643234125213,-3.102447562849392,0.21990652108635986
2015-08-31,-4.149637844946446,2.689709386749437,-1.2466758994350042,-3.4234599001449544,0.4348232572882191
2015-09-01,-4.855577849981037,2.7811341411720027,-1.4717648644821348,-4.26380502530872,1.0586711550488266
2015-09-02,-4.901299409353796,2.973820681120011,-1.3701580870501642,-4.449820476428527,0.8908416142349762
2015-09-03,-4.590827106329907,2.820337394156511,-1.297989637766974,-4.06636962984847,0.4799155483700667
2015-09-04,-5.147764295563265,2.9184997557016787,-1.5165394813907969,-4.655986488353892,0.647651827531225
2015-09-07,-6.063730592874588,2.654370295649212,-1.305152944992778,-4.498460601885414,0.5115444139772339
2015-09-08,-5.921267165167486,2.4655885476126325,-1.371139908298876,-3.853034081052191,0.23938926028725266
2015-09-09,-4.984697048662789,2.723686348499701,-1.474062153119671,-3.7362886380320517,0.15812196036856488
2015-09-10,-4.767387899921137,2.787742415715688,-1.650807898630405,-4.088626363394517,0.11634557883009342
2015-09-11,-4.816589246215593,2.8960793705074215,-1.6489525352289813,-4.024162022641879,0.08387623770171614
2015-09-14,-4.918685074418739,2.7455990450797625,-1.464002367030416,-3.4239829039896486,-0.14324588170248934
2015-09-15,-4.601234513698241,2.9130520094570187,-1.7717817479124616,-3.874539949197751,-0.11668042846677641
2015-09-16,-4.450063389229766,2.850216163706803,-1.7499183599754393,-3.4969337205550786,-0.16921883498363224
2015-09-17,-4.444626110556352,2.857530101077535,-1.7513044412435255,-3.476609737783977,-0.17392587779333007
2015-09-18,-4.279535238857307,2.8597670102697417,-1.8195290116679552,-2.908763120371577,-0.3666800934906721
2015-09-21,-4.3728892133710024,2.7739803224058406,-1.6607292624165917,-2.936996976278356,-0.37337431295421947
2015-09-22,-5.138326369016275,2.7122880484929235,-1.602039744582634,-3.353625403370116,0.049997166852642216
2015-09-23,-5.287899775552111,2.766852522578752,-1.5490374720284423,-3.022731254077197,-0.04755709673740597
2015-09-24,-5.745480680772999,2.8343601772101428,-1.2004693290103154,-2.4065412869350897,0.12235522409402595
2015-09-25,-5.784302698922983,2.884278028538185,-1.1205209713594222,-2.393995012673317,0.11489919633475246
2015-09-28,-6.010083095595663,3.0000948028769963,-1.2093590888519796,-2.646697915165791,0.1427364198995301
2015-09-29,-5.662552765195324,3.0140911065625104,-1.3879348927193413,-2.6799419093193366,0.06550522136390094
2015-09-30,-5.176786623408581,3.028761165438886,-1.1247234953755927,-2.218576233331471,-0.2234800927655076
2015-10-01,-5.1428742150973505,2.993399219281676,-1.3300786152833346,-2.1147127001523054,-0.18132815892361717
2015-10-02,-5.182544463361133,2.880603231188497,-1.3856834879244464,-1.9826769306327992,-0.035978384093211496
2015-10-05,-4.802148656544948,3.033656754036436,-1.0951034576800416,-1.2796432174439374,-0.14300980195268342
2015-10-06,-4.945224376666626,3.171754825659333,-0.8587245730454816,-0.6978002305982366,-0.4950927952669501
2015-10-07,-5.137709871595994,2.8544016945006128,-0.5969669304613706,-0.38085762531058137,-0.6587580229183032
2015-10-08,-6.577116192889364,2.3325562396652932,0.10019815912171831,0.3410680357806392,-0.5896325692768049
2015-10-09,-5.66426698995268,2.432294155445222,-0.0220565748214776,0.046064374750983954,-0.452359083553739
2015-10-12,-5.550415224933468,2.2429014342743834,-0.18490221379944352,-0.23463221896910447,-0.35053994430470403
2015-10-13,-5.087905833368899,2.39678021294194,-0.45716130622304146,-0.5329480836000028,-0.37823226122660997
2015-10-14,-5.13149616778722,2.397110704346393,-0.7133486171551966,-0.5743428730876415,-0.30550543140310066
2015-10-15,-4.821865576711035,2.4698183199525325,-0.6663923545675396,-0.23721982243325385,-0.39200243522256095
2015-10-16,-5.086780133590208,2.363147107498971,-0.30187633615265985,0.25610837849093326,-0.48676067052744115
2015-10-19,-5.324832860881262,2.3135116773801614,0.0332248655979053,0.6448330703946245,-0.6085597265189111
2015-10-20,-4.824393180795772,2.570551363979454,-0.348241092520592,0.15544216625233093,-0.4430526081035519
2015-10-21,-5.2697544977900845,2.44432261900136,-0.13143440009003637,0.3226381070844733,-0.5874146400114635
2015-10-22,-5.299234572806601,2.4410516500178345,-0.07002065375651155,0.3314460085011596,-0.5568297374995071
2015-10-23,-5.512680907662983,2.239071569871212,0.12818620929999752,0.7219111999238836,-0.8331995233656762
2015-10-26,-5.396444510678342,2.3606084958901667,-0.008901545539219098,0.41951089401897523,-0.6668928830306933
2015-10-27,-5.246591762104851,2.3460802025174856,-0.08123190463684067,0.2081337801912786,-0.6297682209048822
2015-10-28,-5.619396430972109,2.10287871331891,0.0038568507928617717,0.15579154876754403,-0.4143757089641606
2015-10-29,-5.886113297161175,2.137660406883263,-0.02314066159025616,-0.051465440669070744,-0.3742498437004611
2015-10-30,-6.17829116444901,2.1216599664412064,-0.2757653616754445,-0.21427528075167454,-0.15564612618275597
2015-11-02,-6.328127796198937,2.059589889374686,-0.028887276497846753,-0.30225355917229585,-0.07742320344069285
2015-11-03,-6.059278666237722,2.180620327781327,-0.08670847801021841,-0.554969565721222,-0.14419460263187728
2015-11-04,-5.930427364304526,2.314279418068102,-0.28505599815393007,-0.7141958106337349,-0.2503215958840411
2015-11-05,-6.209477115188444,2.1864080096514527,-0.5409523484690874,-0.9960301326514863,-0.22873559511657074
2015-11-06,-6.400707234881865,2.1822542024501903,-0.2583453697242876,-1.0355687667124054,-0.29454733613250944
2015-11-09,-6.436292990841724,2.0986879670532548,-0.3555332820422044,-1.0084705158018918,-0.6458461723149514
2015-11-10,-6.86996449183628,2.0939520078008225,-0.33642663659411626,-1.518624793916311,-0.6667865228066049
2015-11-11,-6.814487518597168,2.0043475900023613,-0.4443892221260343,-1.4971086893989873,-0.6295809298509318
2015-11-12,-6.770339643026116,1.9729755858680882,-0.4845768473520694,-1.5318877579886048,-0.6388068936911543
2015-11-13,-7.011172167042114,1.8107459559000085,-0.5555352695015358,-1.4952630033171335,-0.42003054133860307
2015-11-16,-6.8108042160200375,1.6383271289358514,-0.5739609286074816,-1.4655905071518898,-0.5511815339077306
2015-11-17,-6.345864016980378,1.6461581222693062,-0.5987031140094545,-1.4006224536255882,-0.6990363844027377
2015-11-18,-6.602720847475094,1.7704892691490632,-0.8406777723305698,-1.7707602291586253,-0.6444911723471257
2015-11-19,-5.531943925717046,1.8005414382718579,-1.0011061185402756,-1.8344667569736008,-0.7395891300404562
2015-11-20,-5.2538433709574015,1.8877427587809517,-1.0492311159705565,-1.9067944910381929,-0.6008288212970384
2015-11-23,-5.167940896641081,1.8215629695616837,-1.2158219802767622,-2.01269178119159,-0.4538976633155627
2015-11-24,-5.472674026325207,1.4313981398741193,-1.1657389547964585,-1.8129929582161344,-0.48474407215260423
2015-11-25,-5.493016180551519,1.4309478158442777,-1.1660248224198888,-1.7597280194318583,-0.46413561975632983
2015-11-26,-5.126379060922272,1.3554585111610729,-1.1457640450999766,-1.682812625619475,-0.5659848430253325
2015-11-27,-5.1500887651311675,1.078773043361823,-1.065482367592702,-1.4075128644813255,-0.6766171278258819
2015-11-30,-5.238959781230106,0.8980355912119908,-1.0308958387670515,-1.3714351769224236,-0.7030693727847717
2015-12-01,-5.13191245591,0.8109199581469503,-0.9233591297123213,-1.1832417683512428,-0.8478568391633438
2015-12-02,-4.947854209370504,0.9542159957725114,-1.0144915791633295,-1.3624532974889327,-0.954177828216272
2015-12-03,-4.823766892831069,1.1988879815586033,-1.3312243053024744,-1.8516886429675672,-0.7629645864426279
2015-12-04,-5.139385518168938,1.1685701895756841,-1.6351372941486269,-2.0158475028101455,-0.5255832527043166
2015-12-07,-5.22202448887851,1.2657904753625484,-1.8576788323131772,-2.1377181304332096,-0.35821508853061634
2015-12-08,-5.265631668249336,1.3217379379954364,-1.9994513105629508,-2.531769484835516,-0.2820069907955511
2015-12-09,-5.1345674945581825,1.5451621357147527,-2.319309970496113,-3.2558443172987657,-0.11729639232906572
2015-12-10,-4.907422560876964,1.4554370256707168,-2.015919201142607,-2.9477538425341634,-0.10159036233938508
2015-12-11,-5.190641593242818,1.5554715167037299,-1.8969816042447678,-3.28460374677359,-0.046721253254468326
2015-12-14,-5.387971790098812,1.5201459835270643,-1.470785854597455,-3.0507325880275986,-0.0028178229522290116
2015-12-15,-5.578203549698279,1.1928450169205806,-0.9930912165050725,-2.5871196056108103,-0.2648896174673799
2015-12-16,-5.53227122270437,1.0546469803954548,-0.9176800098965059,-2.391858569390107,-0.19299988505768165
2015-12-17,-5.168826420009512,0.9770215499770265,-0.5911780786367954,-1.9466865225895422,-0.5058343795123893
2015-12-18,-5.48482206084556,0.83470143318249,-0.7535503448477093,-2.2135547100409374,-0.5114233292030663
2015-12-21,-5.286056160150512,0.7004451163548654,-0.525444572645688,-1.8783743822137933,-0.8174633723151752
2015-12-22,-5.589918248528136,0.6035497719981373,-0.5421991331174421,-2.046481459183812,-0.857105626162228
2015-12-23,-5.248521623011611,0.45617418727907966,-0.3299100869504157,-1.9331066354180722,-1.0224560754178593
2015-12-24,-5.094083414465566,0.47033678342905244,-0.5014181101657541,-2.0764215427727493,-1.2344203809504155
2015-12-25,-5.046216267752613,0.40349308037002446,-0.5458589083925887,-2.0825209593121725,-1.2110669637014984
2015-12-28,-4.787367045923413,0.23442163222943244,-0.5384861710740279,-2.0607987237553664,-1.5136717634422308
2015-12-29,-4.754390727654265,0.0677651343273436,-0.5547760286114213,-2.1317854202321316,-1.4635116155365986
2015-12-30,-5.206830641513247,0.0850636670672216,-0.27067041957691623,-2.109233717963811,-1.6464769890090403
2015-12-31,-4.889453274114438,0.2358476499069015,-0.15408074069458208,-2.1229691001959723,-1.7831759273806689
2016-01-01,-4.944622022671629,0.08415848768858765,-0.043436941457487645,-1.980658882765881,-1.8333262364500567
2016-01-04,-5.3305290754936845,-0.025236228791001677,-0.43721111208902447,-2.7383722131313064,-1.5065158115139354
2016-01-05,-5.111837974177368,-0.12349294899936682,-0.5808084141745194,-2.8658175076339445,-1.2456790112036
2016-01-06,-5.162483705428587,-0.13289796316299382,-0.9974963454500873,-3.0492926619510934,-0.9811812467242164
2016-01-07,-4.802846794309054,0.49902411588873874,-2.0209348453730183,-4.711351020149036,-0.53023059724138
2016-01-08,-4.540242238366231,0.6466819262659275,-2.064692500010352,-4.5828695578380305,-0.6516935434858181
2016-01-11,-4.520149588308703,0.5508617444805659,-1.926427192840838,-4.912702509915026,-0.5574881688392869
2016-01-12,-4.783394466464895,0.4910877525938039,-1.9484448027177614,-4.941332333523076,-0.5652785576391385
2016-01-13,-4.771227663513949,0.43859796757355296,-1.9128655712539813,-4.625306735362973,-0.72310888025177
2016-01-14,-4.838980107310878,0.5006664316519066,-1.888963376486082,-4.8788657360531,-0.682420008921798
2016-01-15,-4.965209255125805,0.6478031956937229,-2.271090955684054,-5.351173679991485,-0.5338423564351684
2016-01-18,-5.199654327842689,0.6750068774660831,-2.4318956898674036,-5.626031442453821,-0.40827343907405095
2016-01-19,-5.2160628385044445,0.42327573775884336,-2.172862261598193,-5.025501725817184,-0.46063733156508924
2016-01-20,-5.565067527102444,0.5824719432423958,-2.6278654967069994,-5.3840699257619455,-0.11965902970974782
2016-01-21,-5.554457458475406,0.6298488161909143,-2.6286884663318695,-5.530958783699666,-0.25112909875700323
2016-01-22,-5.165460886208857,0.5126374459306825,-2.2268422117431306,-4.860516362033239,-0.5332088255413453
2016-01-25,-5.5712705743488184,0.46156416108554804,-2.0762814116829347,-4.376534822908712,-0.5628381170708172
2016-01-26,-5.605029713918162,0.5286780942548791,-2.1440778251119426,-4.3490064264848725,-0.6095708981607096
2016-01-27,-5.651976339529854,0.5262533061101078,-2.0847922428441663,-4.230697701665783,-0.44458717543860143
2016-01-28,-5.3770168012256585,0.5129232990029589,-1.9639681397401696,-4.418802436311678,-0.5803978492420986
2016-01-29,-5.098271632413701,0.543691553136994,-1.7382556749451767,-3.8366574613478757,-0.6371918016711985
2016-02-01,-4.895149615007143,0.5794359449051918,-2.1211630853788703,-3.8905968348583513,-0.40442806380841956
2016-02-02,-5.302285739569906,0.5692126311698968,-2.232331038461684,-4.375488979262439,-0.41327781670252406
2016-02-03,-5.750682465901323,0.5145387006907651,-2.1581537840480194,-4.5602744790374015,-0.3624231120587168
2016-02-04,-5.785180707998463,0.37369010522547763,-2.205002845057439,-4.227064520857117,-0.29884958285119667
2016-02-05,-5.120749210428824,0.3741198569408174,-2.293121180990726,-4.061803638463031,-0.18979452872259686
2016-02-08,-5.330907213164644,0.2568883684719865,-2.6576869782610224,-4.483118899187901,0.22779570555413542
2016-02-09,-5.645257529614383,0.21659868474764712,-2.831040561393521,-4.717332766006895,0.5729310771141931
2016-02-10,-5.677459362947566,0.25233128829088336,-2.9852388287425407,-4.945456574923454,0.6890953283836877
2016-02-11,-6.024392214461526,0.2380453421529096,-3.1169729970379194,-5.202918986357566,1.1544936126081737
2016-02-12,-6.23902356692602,0.1772159247015336,-3.0231927167288197,-5.054760601046368,0.8750700767057231
2016-02-15,-5.697296116116216,-0.08606843734301967,-2.6642166118892314,-4.285627853948296,0.5698844286131212
2016-02-16,-6.636043527297575,-0.10666523212105226,-2.4106620796254132,-4.381484233106114,0.5186132660860917
2016-02-17,-6.638898849198584,-0.3213186204907327,-2.2782858829277717,-3.9678388819022263,0.53769523097037
2016-02-18,-6.767100318375273,-0.29960963805622354,-2.1441218662241184,-3.342104905918623,0.538440357646917
2016-02-19,-7.216479009937831,-0.38537918134552257,-2.0212901489144417,-2.8398922048780744,0.40846003107407736
2016-02-22,-7.040440945523005,-0.3501908544916189,-1.8746133039105308,-2.895343121673571,0.3838578140429854
2016-02-23,-7.4737749750367195,-0.39664589628520514,-1.9639095540478657,-3.3553506956156873,0.7928910043064797
2016-02-24,-7.755729623183478,-0.46174528947697907,-2.1216359264605336,-3.448672836210926,0.8208166625612406
2016-02-25,-7.710747817878243,-0.34897563608000415,-2.2195454157781747,-3.6572542114842785,0.8216803962290341
2016-02-26,-7.851486023594678,-0.2446357571334182,-1.9705100302588108,-3.2830870377293655,0.6239015815936481
2016-02-29,-8.337556025019156,-0.4948710235693366,-1.6573496893613133,-2.986041096404538,0.540746856173203
2016-03-01,-8.118982818249297,-0.7192197304601783,-1.1907499846251877,-1.761488094867567,-0.07496545314800414
2016-03-02,-7.582868241387342,-0.8783265300461506,-1.2376442373007983,-1.4640967387054837,-0.007159672864398646
2016-03-03,-7.707251656838736,-0.9797094676794055,-1.053388400999204,-0.6002971035552312,-0.011999767607436752
2016-03-04,-7.731246362836292,-1.4203756985793392,-0.7670518026190627,-0.6207477058118219,0.07025480217794562
2016-03-07,-7.6441814576892515,-1.5490025586741996,-0.5124624961002294,-0.7622127957586434,0.13118389240128303
2016-03-08,-7.209677872099475,-1.3824538181530057,-0.8211076688881265,-0.8985780291069871,0.18667393818278002
2016-03-09,-7.056200045916101,-1.3750322158378003,-0.8050751704383953,-0.7393618080149973,0.09981162636921764
2016-03-10,-7.075440086370151,-1.4303751935102473,-1.0116939110531764,-0.8362606156981468,0.3692901434372528
2016-03-11,-6.7967222865072126,-1.2688420889440357,-1.0535866222830192,-0.8273770911708506,0.16432901041720466
2016-03-14,-6.213653895248835,-1.0608859304949037,-1.2163276028984356,-0.9136931667548983,0.13137777661884958
2016-03-15,-6.414261286386712,-1.1443069049592023,-1.7223876922184143,-1.1223030092816741,0.19839076187310611
2016-03-16,-6.6609990728752555,-1.2204893305425661,-1.5255166179716733,-0.7813092190422688,-0.0901731780204864
2016-03-17,-6.80063193523677,-1.621052227085195,-1.2212122306866906,-0.5042331176563015,0.10348897298894416
2016-03-18,-6.308519198251208,-1.6779418583485943,-1.3043180554608829,-0.28162879314962314,0.1705876938724029
2016-03-21,-5.715186112235766,-1.3438355754774205,-1.2588982751794304,0.01705733420901594,0.08391300336505314
2016-03-22,-5.984111725842306,-1.6083506161086885,-1.1431934525672613,0.43137060217199485,0.3998051502391239
2016-03-23,-5.965541965591787,-1.4384835035428578,-1.1893894047884184,0.4837142192917923,0.4172916276491284
2016-03-24,-5.9622001741059805,-1.4522887328444964,-1.188484130759129,0.468481229385259,0.42289693428771474
2016-03-25,-6.002062440123063,-1.3943468990598302,-1.1182509576794986,0.48843564983822635,0.4076015428742403
2016-03-28,-6.39378369940657,-1.4882697261343591,-1.4577879091103016,0.20412485854065252,0.6529513126479728
2016-03-29,-7.013365851744823,-1.9746627131518935,-1.0087109600783675,0.5937973597704591,0.6739832850342606
2016-03-30,-6.695554913704728,-2.0374027387940927,-0.5458271072166813,1.2427239300440627,0.382226188698697
2016-03-31,-5.8790062333078446,-1.9104672303692063,-0.8684747533129432,0.7727263431331155,0.6461917898996493
2016-04-01,-6.274580132096398,-2.130033918550702,-0.6544429306893588,0.9663891375006057,0.5571271711217872
2016-04-04,-6.059403450557226,-1.9718200998191986,-0.8088003635053457,1.1169513053146594,0.5605038880866301
2016-04-05,-6.158666341997562,-1.7532701017676753,-1.0729229541039655,0.41518249305525784,0.8285021862635502
2016-04-06,-6.003639403020025,-1.7229020917869458,-1.0271662906077481,0.4658056699457081,0.7870033319248649
2016-04-07,-6.1126633469466585,-1.8073816782107888,-1.3353944847139971,0.3850568536895853,1.0100261459713842
2016-04-08,-6.465806198072135,-2.156441599161309,-0.9042034200777553,0.7452930972105315,1.0328350206368322
2016-04-11,-6.358765312642501,-2.3265186218816574,-0.496546524138077,1.280481117640035,0.8050102679501671
2016-04-12,-6.364754856569023,-2.5862860073262803,-0.3660126525852479,1.564132879897408,0.8648764186623559
2016-04-13,-5.75924895865758,-2.7057860333936588,-0.12182289737770777,1.9016494758056024,0.5881101845113029
2016-04-14,-5.746940253603199,-2.6529992606411597,-0.16557684054433436,1.8393581003828678,0.5096722530831972
2016-04-15,-5.7277580822456216,-2.7011237457855026,-0.16291509612699087,1.8195941644443192,0.538554085732519
2016-04-18,-5.372643702817106,-2.7838851008038232,-0.05556178277517868,1.8864373405451778,0.6667544384022127
2016-04-19,-5.32433823092524,-2.932621603819609,0.09574836102659444,1.8670906658421553,0.7788378302888381
2016-04-20,-4.513127393182443,-2.5761592852519066,-0.2367077544648054,1.3203712239714425,0.7472544236970213
2016-04-21,-4.0258153876447205,-2.581064779307621,-0.31385812901289256,0.9042364593982591,0.7265386137019133
2016-04-22,-3.5804163142022296,-2.3804767139010425,-0.43620525542492455,0.5814169947548736,0.9287379599349619
2016-04-25,-3.3900870923065933,-2.3184582512342513,-0.7509904672438892,0.2523132481258415,1.113189070922975
2016-04-26,-3.100819993189041,-2.2906550901489324,-0.5196487714822303,0.7440558436714625,0.9273782209069086
2016-04-27,-2.690004890036145,-2.2765913775850577,-0.3334610041046106,0.6747357649018001,0.7189779890169306
2016-04-28,-3.019419846293545,-2.6355969910818984,-0.6646364068375379,0.19052120634911876,1.092080179471524
2016-04-29,-2.942757409315591,-2.738128962000116,-0.6372906102403886,0.2674979579993319,1.0974967381530336
2016-05-02,-2.9487434043572724,-2.678362226595488,-0.6445339684995026,0.09173640842628829,1.027783919110424
2016-05-03,-3.5128556438237695,-3.0459172495306963,-0.6089887585574056,0.01483402464657233,1.0393547368951555
2016-05-04,-3.564287592711182,-2.769938726070662,-0.7601260712924336,-0.3291749877690567,1.1443273733097556
2016-05-05,-3.4495346112241925,-2.6370101724078214,-0.6621108598297237,-0.21840195974320933,0.9547960837105108
2016-05-06,-3.147737161679322,-2.7312806520920816,-0.7593745584241659,-0.3782145953274252,0.9496954468380259
2016-05-09,-2.6635837975316288,-2.591017659587965,-0.6059018053819207,-0.07031300562819999,0.555677198530998
2016-05-10,-2.572521098885512,-2.749577337398539,-0.7037096979034746,0.015112635771007635,0.6838965778897584
2016-05-11,-2.632447711419242,-2.9290288818442494,-0.815578093643283,-0.23359677087830513,0.7140729087013419
2016-05-12,-2.677886546467486,-3.113421379043813,-0.43417361759657597,0.17227012456172608,0.551715408214172
2016-05-13,-2.8227536999882994,-3.094791392029884,-0.6058762877909852,-0.2830453259104807,0.6226078796967004
2016-05-16,-2.2878056569703404,-2.8713695308256773,-0.4831649463258444,-0.3817654909727498,0.5457116214716224
2016-05-17,-2.1489301501957887,-2.8654767937416947,-0.38730177114466563,-0.2754730864352631,0.4756083408928696
2016-05-18,-1.7272218662360102,-2.825164615197261,-0.49325580652631545,-0.5891297205489184,0.5242873828633681
2016-05-19,-1.92374478437227,-2.638679833247541,-0.5960168905555571,-1.0008083538902002,0.7637854038699394
2016-05-20,-2.1776264845626017,-2.819504588250783,-0.46095918185777396,-1.0107745467554863,0.6473286937686688
2016-05-23,-1.5065193484253951,-2.7396507964544616,-0.8451926357533777,-1.433133477733959,0.5456822919754747
2016-05-24,-1.6752520230148642,-2.8929836819783454,-0.651248593174859,-1.2797148296435932,0.4420380489811669
2016-05-25,-1.015036845933099,-2.746355757551691,-0.18546346184522797,-0.8389759847638898,0.09451950649631136
2016-05-26,-0.24606876365337496,-2.68517123446835,-0.021680389826605778,-0.762728638132285,-0.09268641979818729
2016-05-27,0.055850968295824296,-2.65437501327898,0.3552871399059051,-0.41366208725334985,-0.05980070981200299
2016-05-30,0.5580099287035706,-2.4773436616849716,0.22183240995613432,-0.6735479652515036,0.022942509948228468
2016-05-31,1.0159268051368289,-2.372375374180318,-0.39809254012360273,-0.921390901845474,0.02747821290402148
2016-06-01,1.3958348452808556,-2.2715043756672677,-0.6230535745336503,-0.9754335058944377,0.029163528490948207
2016-06-02,1.4029191148555964,-2.530390655997833,-0.3078888691576873,-0.8468731518699434,-0.13063475142080155
2016-06-03,1.7959731136421653,-2.4660956529619997,-0.5422436332631249,-1.0721256370860408,-0.13838689707031773
2016-06-06,1.791041729277207,-2.428139658645719,-0.4564154175916924,-1.1366779880352815,-0.15214944244466777
2016-06-07,1.851797253240937,-2.5503326549443703,-0.3079282956180587,-0.6589840060009117,-0.3839493650305356
2016-06-08,2.017928675414965,-2.764934994746487,-0.24006282430241838,-0.6172278978648833,-0.3413940195750518
2016-06-09,1.7721505844482826,-3.264801808469625,-0.03466027496385292,-0.740129416559359,-0.15524707268613377
2016-06-10,1.6662299541927004,-3.319869096266928,-0.00597393843680168,-0.8934090734801206,0.055401868257768765
2016-06-13,1.12416726532706,-3.480555143869782,-0.10314813104482247,-0.825448755531736,0.11536769224968804
2016-06-14,1.055297283146623,-3.5885783350675338,-0.06983929345775944,-0.7817588053116529,0.046833739001358884
2016-06-15,1.4205435329616494,-3.439891840178866,0.14266090625901653,-0.48529394744503607,0.01299260996437634
2016-06-16,1.6501250065658006,-3.213468480528342,0.0976425752311056,-1.080916506652421,0.17712725744807828
2016-06-17,1.791088088908448,-3.396253649084225,0.3154283862802119,-1.0521956211818286,0.030440380737326758
2016-06-20,2.0338339846554656,-3.498731998100044,0.5473436440811968,-0.8744592262315433,0.08778008381514714
2016-06-21,2.316893824895771,-3.011667575307437,0.6658187912633331,-1.351250194892842,-0.17689202328000692
2016-06-22,2.3664464452044376,-2.8470317322055596,0.35916072272903976,-1.5373575829169142,-0.07744379238232645
2016-06-23,2.9343404451730772,-2.7781876308628566,0.27142273509916787,-1.5008420388482842,-0.06937130729726765
2016-06-24,2.8548241445685143,-2.5028078656589625,-0.5926801863538833,-2.437977230259827,0.2698550917479617
2016-06-27,2.962776849357861,-2.381433318061222,-0.5986190984625807,-2.4167735936041144,0.13694088363818094
2016-06-28,2.603261267212238,-2.5951894328105696,-0.10889888428305813,-1.9806518762929588,-0.20093540612306823
2016-06-29,3.2247087487524264,-2.622204150902702,-0.17542465289117037,-1.7381878572701646,-0.20323131745743564
2016-06-30,3.0508374985470446,-2.752317073154452,0.2261015630903372,-1.2075672170155818,-0.38091486697214594
2016-07-01,2.9731384418533393,-2.9936240352757504,0.6270407148738203,-1.073149973029088,-0.6462286131556416
2016-07-04,3.041120650884189,-3.08179435871143,0.7339708797869738,-0.9258281256993846,-0.6726237723260472
2016-07-05,2.8507299984636383,-2.9949718500767766,0.585916599220627,-0.9531050925843133,-0.764191617888399
2016-07-06,2.7971643466599456,-2.9683719475170824,0.6797686749222784,-0.9222380497179746,-0.739223976942038
2016-07-07,3.4962526415250617,-2.4716712074946163,0.21224805087627488,-1.4572730416779074,-0.9585319174747486
2016-07-08,3.9232119409703805,-2.171528067216964,-0.04751640521779485,-1.7733268465320138,-0.9014417679884383
2016-07-11,4.632775909340644,-2.0304514886841702,0.10323179029979603,-1.445285136428641,-0.9239764819742524
2016-07-12,4.67791323107278,-2.0554326720281937,0.46539995144881496,-1.3437702505704743,-1.0085970739289005
2016-07-13,4.712847708679574,-2.0576160874334106,0.39896595052390127,-1.3787938029977453,-0.8659060015421446
2016-07-14,4.206003238850796,-2.220168196040332,0.7858228916574624,-0.853533845650162,-1.0566167005350962
2016-07-15,3.9887977896608464,-2.4601821127982335,0.8098799969007675,-0.8819697564911924,-1.3595179207914039
2016-07-18,3.599479169253875,-2.506196369408502,0.6046523471887962,-0.7603260466945988,-1.445595277344987
2016-07-19,3.6213558206106895,-2.595877559284752,0.6971271422173706,-0.706705791392975,-1.436536784679213
2016-07-20,3.9078416787412205,-2.476859405930236,0.604357600307893,-0.6345993103882729,-1.522714003871128
2016-07-21,3.695971683025362,-2.5736943818761455,0.6127496462749287,-0.6961715577072214,-1.3532159840142715
2016-07-22,3.801861167757421,-2.6808796647047086,0.695318142967679,-0.5508058088275527,-1.321045602528385
2016-07-25,3.77982377187052,-2.6530566443642676,0.7618538965113251,-0.10301213260859698,-1.377006518089433
2016-07-26,3.4573082437838347,-2.599820391574659,0.7817460076838523,-0.151077425597601,-1.428064452319483
2016-07-27,3.726112649970526,-2.4535269121101426,0.5820226943902346,-0.10290311195510725,-1.3707550261505699
2016-07-28,4.033126937134689,-2.522613604535592,0.46069927714769165,0.036322975845432585,-1.3803619302762458
2016-07-29,3.8652433574100153,-2.522716814939358,0.3515575295528016,0.23032982394945542,-1.307266780718763
2016-08-01,3.8818248504838087,-2.660794048836815,0.4219097593256562,0.3363041401426931,-1.0808312668011553
2016-08-02,3.799328083337226,-2.701573327035481,0.5127211945735715,0.32781735363668135,-0.9432810421167299
2016-08-03,3.5030918005682374,-2.4667787915432564,0.5923840226434419,-0.008233221524558397,-0.8731810769525331
2016-08-04,3.61149840060998,-2.55513428860202,0.7711760363324889,0.10271666962695455,-0.9372841360379208
2016-08-05,4.327725316968227,-2.388535870294867,0.6776429811455745,0.1526171890834335,-1.116375734892109
2016-08-08,3.9404276174193233,-2.40862304233718,0.7717018334691462,0.6894303047446757,-1.0844239812896492
2016-08-09,3.5566066196259563,-2.580115237695369,0.8363017549797137,0.8329149875492203,-1.0803823397003172
2016-08-10,3.4532968946462557,-2.6429499325248726,0.5717306114948144,0.285920080933986,-0.9471198279018823
2016-08-11,3.8420709009528107,-2.584453468369718,0.5832887927366456,0.18178593807155155,-0.940677233670897
2016-08-12,4.118402176965175,-2.6146085683982245,0.46442447178765306,0.3465487878381626,-1.2113955398135803
2016-08-15,4.125516375739303,-2.6557414294517367,0.5167619646245055,0.3114639109682824,-1.1806825629241438
2016-08-16,4.493256037976435,-2.4344553988652122,0.06715924970849244,0.14798773096816656,-1.2082827009214911
2016-08-17,4.534864483522666,-2.3610699258124503,0.02951347608405561,0.012348781938751266,-1.145239270365747
2016-08-18,4.684424314064864,-2.3279608247135055,-0.07980673272236402,0.15927009574559803,-1.234018822959521
2016-08-19,4.656004747675369,-2.315768051683914,-0.06567130209138178,0.1610431661468806,-1.256008007591204
2016-08-22,4.313564409243663,-2.430423882679303,-0.2612434731457181,0.25971310841511674,-1.3866142801718995
2016-08-23,4.46183392402171,-2.3053861035404077,-0.08179368182106103,-0.005712200876986916,-1.3121214298797579
2016-08-24,4.39557029635615,-2.358101376120712,-0.08013768034011821,0.2077725352733779,-1.318311253873275
2016-08-25,4.108230704585824,-2.3415623696996133,0.03340709852342896,0.04679302508464178,-1.5001962451402429
2016-08-26,4.102274040171225,-2.3901157927762147,-0.08411853910340042,-0.04952952904951744,-1.5445467762750016
2016-08-29,4.119823166229271,-2.4427702349433624,-0.17561897962174575,0.1030367199198456,-1.7343131037931567
2016-08-30,4.287644379458022,-2.330716856314394,-0.080482031697157,0.6180461935478424,-1.819081889674791
2016-08-31,4.349355144733885,-2.1195718825403294,-0.07539958606774749,0.4276762771241599,-1.8279635168073938
2016-09-01,4.214378048926525,-2.037890799931618,-0.2624501511474052,0.5420591797302763,-1.8024150379974104
2016-09-02,4.117011465933861,-2.0944315213342533,-0.2198800896779663,0.7138547900463508,-1.8720526310280232
2016-09-05,4.143350644856558,-2.1292333043225637,-0.20648716419834895,0.7279699944552457,-1.8546909902246858
2016-09-06,4.483045724937459,-1.9998424801954227,-0.27012185991383386,0.669990127949208,-1.7954055971185692
2016-09-07,4.714129722852205,-1.9434238219210582,-0.28553168808662727,0.4296540608646044,-1.753440484095559
2016-09-08,4.814596603651138,-1.9950610283184187,-0.2669244593188153,0.4051762119985256,-1.8626007607868758
2016-09-09,4.834670970074722,-1.901085132240703,-0.5291707372719665,0.06140099052191891,-1.6390770727022208
2016-09-12,4.677084406728892,-1.6795586429556182,-0.9669490451269356,-0.7244039717165598,-1.2402969436461129
2016-09-13,4.6474897849345735,-1.6179368165216315,-1.1373224700253306,-0.6422373452288516,-1.2763071652176947
2016-09-14,4.565769053534372,-1.569374982437377,-1.2164539470760252,-0.5315159387592997,-1.3924303201256132
2016-09-15,4.5996934370598055,-1.5640786932266193,-1.0213409362229973,-0.42018623741410616,-1.2278345351140285
2016-09-16,4.451905836423972,-1.5672940240272568,-0.8355358704321212,-0.11004489713726433,-1.3885989520764908
2016-09-19,4.264481793521984,-1.6281059912768108,-0.6228289220706239,0.07837777827111991,-1.3426509872021688
2016-09-20,4.3410917635148705,-1.5849765790119588,-0.7707867018083336,-0.14930903750522437,-1.2819178653296555
2016-09-21,4.479465591337843,-1.646883840671538,-0.7987726415668894,-0.26856283710060497,-1.190191569766535
2016-09-22,4.947821101354099,-1.705187737965487,-1.017743562196736,-0.057762157602414085,-1.3110665185830899
2016-09-23,4.789482103216371,-1.8474811240894748,-1.0521612900342328,-0.1141105090028256,-1.2442270138627407
2016-09-26,4.217189768237088,-1.9814141994623566,-0.8458359766820787,-0.3945191962940427,-1.023631505363867
2016-09-27,4.1829777749486965,-1.9019034624245212,-0.9422090045778994,-0.3845640078336234,-1.0270346970002082
2016-09-28,4.61989679643535,-1.9974106419970026,-0.9623358309459347,-0.5394287077642042,-1.1125761873865545
2016-09-29,4.093618261537835,-1.8012957804229563,-0.9806080841529583,-1.3806033164491551,-0.47683891090929964
2016-09-30,4.166076569755734,-1.9031537576564488,-0.9442047530245888,-1.1288790220438736,-0.4263868789194508
2016-10-03,4.567169600180639,-1.9390327626500872,-0.7938540414629585,-0.6821524482158489,-0.64237052779107
2016-10-04,4.322296790118149,-2.009699528734572,-0.5563012405339417,-0.37347103907726176,-0.8019987919009619
2016-10-05,3.9791448747019054,-2.2834635768974003,-0.3622559353713601,-0.24167804850803357,-0.8857662645320795
2016-10-06,3.622862026898081,-2.4033967876003732,-0.2763832421642523,-0.3521066655762471,-1.0908472023681288
2016-10-07,3.5887469045761913,-2.370639658485592,-0.335860939885676,-0.3641643239144403,-1.1794277299470206
2016-10-10,3.443343950109712,-2.212580850514177,-0.22424681130348154,-0.22400565004159964,-1.2087309486262297
2016-10-11,3.4579194294159707,-2.244631400462183,-0.149634894629404,-0.22673687299080497,-1.185118622486179
2016-10-12,3.416041992609308,-2.1031510193322998,-0.08194115752877114,-0.3200339580469219,-1.2919328729543351
2016-10-13,2.9792732295023368,-2.0784656603224128,-0.17640761890025114,-0.7811594066958465,-1.0969582134620923
2016-10-14,3.0176797737986436,-2.1357969616689463,-0.24295493058847284,-0.6642006967098688,-1.1637059772191936
2016-10-17,3.129906118745748,-1.9941951757266325,-0.5174451773565337,-0.9780308121605384,-1.023323315504376
2016-10-18,3.525279649902986,-1.9788665208430642,-0.29531262940358227,-0.5074318830244275,-1.176611210553555
2016-10-19,3.3569887720906406,-2.1932153331471627,-0.19447245435882032,-0.42819986949311273,-0.9461724641661313
2016-10-20,3.452125684618739,-2.1728859416771376,-0.1245646348953368,-0.35961174025636583,-1.117727265310217
2016-10-21,3.8033834953323384,-1.9530032198041911,-0.20710638836135215,-0.6218726171650297,-1.1612706578274898
2016-10-24,3.833958675433306,-1.920096501083861,-0.17435971442529863,-0.6228590873579632,-1.281158707550103
2016-10-25,4.011336952475529,-1.892693129454836,-0.28697098507827784,-0.9008444480628555,-1.2106297159484982
2016-10-26,3.647679998659077,-1.9628269231687034,-0.4975658009418806,-1.0483458170502276,-1.213888033034094
2016-10-27,3.025066097278899,-2.080015647182036,-0.2925622610036639,-0.5755310343119815,-1.276191456050537
2016-10-28,3.152535184849859,-2.077642646112996,-0.32584531493112007,-0.5161139199711737,-1.2754639001803563
2016-10-31,3.1745027608428944,-2.0677307437971444,-0.47332284769023064,-0.4879250322506081,-1.30388378550326
2016-11-01,3.0782045626135,-2.1034230925698862,-0.5275330511914785,-0.43754583741216707,-1.0450600007695092
2016-11-02,2.725071645143426,-1.9789059324738427,-0.4710556540998662,-0.9642325986408327,-1.0111420645228102
2016-11-03,2.6596401491743644,-2.002839748647327,-0.4439796811455425,-1.1169933882358833,-0.9302197306299094
2016-11-04,2.4837786177653856,-2.1165805208917527,-0.6027536660950727,-1.305735104957896,-0.9910494656801774
2016-11-07,2.477905540086047,-1.9889930558428368,-0.41665533012046657,-0.9647777465771809,-1.1865118749715444
2016-11-08,3.0841251946491046,-1.956070587766922,-0.5599344342432803,-1.32791700172992,-1.1102844381683734
2016-11-09,2.7814758249238207,-1.8878133108813908,-0.749492137721755,-1.7170491287907883,-0.9663241929256452
2016-11-10,2.656110012071681,-2.1273400585603084,-0.1880215091408365,-1.2905597119067926,-1.1104080716435742
2016-11-11,1.7427121321966708,-1.85665075801515,-0.31301209697353705,-1.9264025977520167,-0.6880893784325196
2016-11-14,1.6668104977945797,-1.6165930946956455,-0.27988121726748566,-2.0309806357954483,-0.8643739453697843
2016-11-15,1.035724822003326,-1.585041414799107,-0.2284615668803139,-2.8702733086188066,-0.3191423871615869
2016-11-16,0.2737839888472214,-1.836126647946733,0.30581079288553353,-2.4219132595527344,-0.2979039639441571
2016-11-17,0.23137137414794345,-1.7661840222576857,0.33224657027778387,-2.6056743518810257,-0.5884131028434829
2016-11-18,0.49595555395907454,-1.58455612866119,0.10477344522026125,-2.6911315931862076,-0.5267877559808868
2016-11-21,0.18394235095972522,-1.5038359466811806,0.11989465345089496,-3.4981125992267668,-0.13540466139000748
2016-11-22,0.3118662287826588,-1.6200362159514556,0.18138035241188874,-3.183959975901756,-0.2588846088374791
2016-11-23,0.03981029222953529,-1.6526908074875797,0.5126422422621444,-2.783670072416077,-0.3289747491741384
2016-11-24,-0.37581343339760936,-1.621605536626086,0.44300328827535285,-2.9059349465122972,-0.4312005715731032
2016-11-25,-0.09859267556971288,-1.2829667070694608,0.6886349194025742,-2.338734233020084,-0.3212205212757745
2016-11-28,-0.3740585327068332,-1.5490898930419033,1.07094058309793,-2.0131225151718266,-0.2522355880144904
2016-11-29,-0.3558695780797733,-1.500794921387551,0.9054728991965113,-1.996737638231326,-0.20229803266148896
2016-11-30,-0.25827191512771475,-1.5872022825310288,1.29725437003482,-1.8436566278103415,-0.4586735339428399
2016-12-01,-0.09313741806605177,-1.3976177192032295,1.1795994718189378,-2.140072340840951,-0.4060382649488272
2016-12-02,-0.5032310436540283,-1.6660195156456659,1.2987825615286752,-2.473431971552949,-0.07308775490283703
2016-12-05,-0.2652491755250007,-1.6753712769483664,1.3308780411724523,-2.367218082719838,-0.23342369376095878
2016-12-06,-0.3076688791823616,-1.6949731685584035,1.388120811952827,-2.3647773050379466,-0.2560568308533663
2016-12-07,-0.5570208901756395,-1.9763031321483744,1.4080992390249996,-2.5047687259806564,-0.3258468646611151
2016-12-08,-0.20248120591839947,-1.957745527015296,1.6968653887233835,-1.8878155200668862,-0.5046518558528781
2016-12-09,-0.3107553536121537,-2.0640609564531176,1.954339351569747,-1.7792031679808777,-0.6723078143631825
2016-12-12,-0.6756530129865242,-2.125756518081064,2.010831483149019,-2.0777494770253377,-0.43224447971965374
2016-12-13,-0.546908208234664,-2.06754824658622,1.9830306797179573,-1.8849531523541754,-0.4520576932172649
2016-12-14,-0.7209538206163373,-2.1068981836807974,1.8478809215999321,-1.969899229088863,-0.36164609861246433
2016-12-15,-1.1357429823454475,-2.2720390740593226,1.8425664052543118,-1.9546848364549398,-0.5201279025954589
2016-12-16,-1.1379901811845843,-2.2549348140919796,1.5669338304019713,-2.0076059632839645,-0.6232411435794805
2016-12-19,-1.4480965719105616,-2.398192557195723,1.6997127287240703,-2.0638990566703908,-0.8137001945759095
2016-12-20,-1.605343066843528,-2.263244389823816,1.8211498781484636,-2.07019381795816,-0.8223527049293204
2016-12-21,-1.7049776626607598,-2.3553539052694297,1.7878554966072688,-2.2037167897870815,-0.8877382914852997
2016-12-22,-2.243630519698986,-2.2637529571945816,1.8737859248194324,-2.2096639547384824,-0.8118103763589231
2016-12-23,-1.9231297491989374,-2.0187291087084422,1.662190960519479,-2.509242111030347,-0.8100649240505643
2016-12-26,-2.764311185137798,-2.1971949034875116,1.9415544862220835,-2.4188338689010522,-0.5373626489809201
2016-12-27,-3.134425855120646,-2.3119970952832056,2.5490533612751154,-1.4194536292651485,-0.767309944196068
2016-12-28,-3.236817303695975,-2.1015628809210583,2.606958364622516,-1.4990189804536271,-0.8564942589848965
2016-12-29,-3.167311092102913,-2.1270676550220498,2.719692126555737,-1.3464380502269395,-0.9688305242309814
2016-12-30,-3.0985224158011135,-2.1025409712415466,2.9198821967005535,-0.9536014324614194,-0.982746611893075
2017-01-02,-3.4799204023161736,-2.2293199924153955,3.2006401885855778,-0.6368847190908091,-0.9620849838627847
2017-01-03,-3.2572588829164966,-2.0771977902764585,3.101750274554897,-0.7615112668003787,-0.8788799083045856
2017-01-04,-3.141965106160948,-1.8813097037407494,3.141583937982646,-0.8531173697630201,-0.8430971540074524
2017-01-05,-3.095000490624301,-2.207134056626104,3.4843803030579834,-0.3804058684265989,-0.9340340224076898
2017-01-06,-2.821313500241312,-1.9923771761956712,3.2857846051364876,-0.673187867962154,-0.7373783914551797
2017-01-09,-2.85203772532274,-1.784295506468193,3.199221985465015,-0.8298349756878326,-0.7582441259060293
2017-01-10,-2.8225524106465363,-1.7151532145817967,3.284387076893425,-0.5717257814314116,-0.902341337168988
2017-01-11,-2.8144027734060986,-1.886816563897536,3.402837645336619,-0.2910221318317725,-1.0394151706457766
2017-01-12,-2.8379755785414718,-1.9464302482983846,3.4793038687563294,-0.18374915865261987,-0.9415232572954924
2017-01-13,-2.9896708809372172,-2.1771258726527294,3.858013738645689,-0.21697442936571262,-0.970493024191995
2017-01-16,-2.900455243903915,-2.278559274722827,3.766741708585183,-0.30830769591292556,-1.0038519761980171
2017-01-17,-3.161429483082428,-2.3557356762096613,3.9446286384841436,-0.1868517178193714,-0.9436975709283648
2017-01-18,-3.139299797620844,-2.451908152733969,3.976613538723932,-0.1604206386887664,-1.0670801092607722
2017-01-19,-2.9151323321983322,-2.2644888026844274,3.8786812587156314,-0.36194577927791605,-1.1679506152323296
2017-01-20,-2.9247094872990984,-2.0953403247883107,3.5897000570300435,-0.7955210640126972,-1.145103914265406
2017-01-23,-2.583075593280457,-2.2092579482058086,3.5213776275295032,-0.807831685599565,-1.0880100434727804
2017-01-24,-2.3421679000560425,-2.124312937574936,3.6429187534362404,-0.58611022409675,-1.1795480848801028
2017-01-25,-2.215738260206917,-2.217743299450791,3.962774754001201,-0.3541762366915913,-1.4208705545067652
2017-01-26,-2.196053826573562,-2.2133404580615745,4.25357229538261,-0.41695120294454174,-1.417704442499926
2017-01-27,-2.322637058605924,-2.2591505004140693,4.2752335138022906,-0.3969064844835288,-1.3679283064203394
2017-01-30,-2.4392604596289416,-2.2615008642399106,4.183204421633294,-0.35156518581698715,-1.3144237799078902
2017-01-31,-2.493810276605482,-2.370265689365599,4.159663656403775,-0.7116294456354958,-1.4785732565330973
2017-02-01,-2.0217511666676558,-2.6255544788308303,4.4062906709214165,-0.11364032503527874,-2.1525947883117422
2017-02-02,-2.124733820122876,-2.668169810275164,4.568742766787422,0.2875412609333722,-2.0905245849829104
2017-02-03,-2.1393650428045414,-2.67436017302787,4.634333001312675,0.43882797332624773,-2.1610242155468184
2017-02-06,-1.7415867041189839,-2.6409378738623253,4.600060665110701,0.5000690329076845,-2.2188310997120424
2017-02-07,-2.0655609386127227,-2.7587935035376305,4.6208416458758395,0.4960498478446316,-2.3535884512391028
2017-02-08,-1.809938680819633,-2.6304964096496417,4.4668612718505765,0.3682410883672359,-2.2990513961821346
2017-02-09,-1.189950969513364,-2.423462081892337,4.128647900436981,0.1658660783408249,-2.25040815299121
2017-02-10,-1.0551486614307422,-2.47320693639169,4.139414207765036,0.12820415674465682,-2.1580424352747776
2017-02-13,-1.1958485726706094,-2.4300859740331813,4.16255532904598,0.273640348690193,-2.084995666391452
2017-02-14,-1.2655349482880835,-2.4398027164698597,4.178306011855042,0.22598558634007673,-2.073399974456452
2017-02-15,-1.3568558537538442,-2.5530752159197303,3.8195195449007007,0.054541611974701254,-1.8745495864991095
2017-02-16,-1.0500372308273347,-2.4277411505568613,3.7296944371235363,0.34110584727886656,-1.7118601573326409
2017-02-17,-0.7791402199395288,-2.3047169261994167,3.4808160750121755,0.42829155250003437,-1.7068621174532657
2017-02-20,-0.7538481363270159,-2.3850127816765214,3.6648893607724555,0.6169394628677203,-1.7381545233038167
2017-02-21,-0.3506705830581279,-2.3316568756345037,3.596738077963935,0.41862563872000963,-1.7257930450324086
2017-02-22,-0.3124992253137621,-2.2632464773150254,3.421158881916779,0.41455194977471166,-1.8481295507183935
2017-02-23,0.11825987885913034,-2.188704495960104,3.1743402189450394,0.3200887644446846,-1.6889309668586379
2017-02-24,0.17701116940811598,-2.328786491545333,3.126098990119844,0.3720503602572045,-1.5951545593347796
2017-02-27,-0.09212504151684806,-2.5408301952950456,3.312568385660763,0.45132743097116157,-1.4324872630413545
2017-02-28,-0.035964389956990965,-2.483260212804366,3.2278681902841773,0.3435710333860599,-1.5717934997689993
2017-03-01,0.1258665280375141,-2.520629906819735,3.3025025035845372,0.709740974997596,-1.6427792561759746
2017-03-02,-0.10402207610633837,-2.299592429960496,3.1113564374320957,0.5463695676435086,-1.7861369872795791
2017-03-03,0.03859185035470571,-2.2516860774521503,3.2194521414257173,0.4959910869163843,-1.6959607466234268
2017-03-06,0.31332099438558864,-2.2953067351863843,3.2778214635524763,0.5513852754687757,-1.763276245853372
2017-03-07,0.28055412907832195,-2.29419769994524,3.318547088274161,0.5417461379245286,-1.6780113445502338
2017-03-08,0.34107711653439765,-2.1312081202715234,3.1649056803295212,0.3324855054436018,-1.60204526479751
2017-03-09,0.40836707507301145,-2.018615206224065,2.960743496302515,0.1241592818903133,-1.6047473594720767
2017-03-10,0.678620868805363,-1.834059390348504,2.7409473409630642,-0.059374581226780035,-1.7898057278112613
2017-03-13,0.7269937838132867,-1.8954910161122598,2.7499694559227614,-0.05467333859055842,-1.7635198876497928
2017-03-14,1.3834072277126714,-1.8442634251138152,2.651828914663698,0.24476094959736902,-1.789656639680894
2017-03-15,1.475523783061212,-1.8593988125186407,2.744244020279508,0.2492936660356692,-1.7303247411984297
2017-03-16,1.6877076851292103,-2.0194373290811876,2.8185328201342204,0.4220816955167372,-1.6126375691102812
2017-03-17,2.0653272432283343,-2.1572477137240176,2.4674785021964647,0.2169458319176785,-1.7827697216929124
2017-03-20,2.0682136275505485,-2.0489747375736926,2.282814942626297,0.1638264419995094,-1.6928311273880965
2017-03-21,2.4339562930393748,-2.145613262674868,1.7571830197676832,-0.005443546613260525,-1.5539975874536525
2017-03-22,2.1063706822733534,-2.06572490220141,1.6861272454611032,-0.1493091557952148,-1.306532912462108
2017-03-23,2.784495786702729,-1.9685795144725615,1.3462047040038037,-0.24516286567880174,-1.4097947340829082
2017-03-24,3.4179582748557005,-1.9280290951373853,1.02619173110224,-0.5803310772032775,-1.4749960546838115
2017-03-27,3.3489170267187376,-2.049392136073376,0.7785475188888027,-0.783970505205206,-1.2679524631161676
2017-03-28,3.4663900155177823,-1.9416065881424567,0.7680640361168916,-0.5730435813755625,-1.3578440950800725
2017-03-29,3.5716624562544435,-2.0500127943116193,0.9233950758888188,-0.551696029341108,-1.4231586263356815
2017-03-30,4.026215606764547,-2.0893155886190042,0.7393242884579757,-0.7563065796629285,-1.403021270522516
2017-03-31,3.627809696159976,-2.2889425649270763,0.9844547861452738,-0.49757805118932574,-1.380359561825786
2017-04-03,3.7220632394577153,-2.2201932055306677,0.839503457480086,-0.3320420054442276,-1.4915990005704727
2017-04-04,3.7411535375874365,-2.2679363374540817,0.8388117959017947,-0.34878747081059897,-1.470951199047238
2017-04-05,3.9961764622661238,-2.140226305226862,0.6387312101787206,-0.3967008758100268,-1.4761214571539099
2017-04-06,3.8781255259912237,-2.5362080303896044,0.6574743139876811,-0.39240031381066015,-1.4098462517696355
2017-04-07,3.7533641208773507,-2.583512231333275,0.5329803618710248,-0.6935486639250419,-1.327454698142248
2017-04-10,3.792247396177597,-2.689366210585151,0.6289095542315151,-0.7998805719963158,-1.3435918250740129
2017-04-11,3.7594069689030403,-2.699370218469086,0.5335279044328061,-0.3244945436277077,-1.42660228950453
2017-04-12,3.7116494495926253,-2.6242614923113012,0.4188055391855846,-0.38486005584213817,-1.3123139545784144
2017-04-13,3.826900578410002,-2.47304994034525,0.17642801991596127,-0.6690649687626312,-1.3666642509640623
2017-04-14,3.8363943166012717,-2.4874599216153555,0.17416815229569826,-0.6659655507756398,-1.3617848237764338
2017-04-17,3.8555802709527423,-2.510507717573521,0.09764520061441906,-0.7779547257954962,-1.2591217191334285
2017-04-18,3.5635303871349673,-2.5334632381638587,0.05479396761804835,-0.872077229948016,-1.2408052734603854
2017-04-19,3.6745655677467277,-2.3550569165879023,-0.05123436326184211,-0.9480796125946179,-1.221322645556226
2017-04-20,3.565388256503491,-2.4840886984706967,-0.08108960343253824,-0.5992302206359916,-1.3795856780146234
2017-04-21,3.4007106542943957,-2.5873766584380338,-0.2506553805669709,-0.5618630043971101,-1.3409686731147474
2017-04-24,3.675044219555577,-2.449963783843337,-0.35096896526415705,-0.4212921645775031,-1.5945842586021401
2017-04-25,3.816970371630304,-2.591964386651409,-0.21599368374098088,-0.07841979548158924,-1.7888788879918713
2017-04-26,3.9155246656149485,-2.574328242499026,-0.33669595420853915,-0.2826570511233371,-1.844184430214932
2017-04-27,4.24421603791677,-2.486889332524411,-0.7542889738379706,-0.4399812613961983,-1.755026814463604
2017-04-28,4.261657814969093,-2.579817507964051,-0.9800178647846725,-0.5166814471140757,-1.6699952068581967
2017-05-01,4.231005958656494,-2.490811901565848,-1.0019971453653145,-0.5380215025665017,-1.7355790937901368
2017-05-02,4.4646008202563205,-2.428379734807645,-1.2395900257367913,-0.5842253789438058,-1.5814782613648826
2017-05-03,4.6071589900321985,-2.3753615135753687,-1.3341825285489581,-0.6279603980085633,-1.556340527201198
2017-05-04,4.636753188112143,-2.2154631154790465,-1.5262781105593133,-0.47915100013970985,-1.8062203084949753
2017-05-05,4.602298800153015,-2.084095653317808,-1.6763613852367274,-1.006399753551773,-1.6498675341175664
2017-05-08,4.575189702135609,-2.0958322388320942,-1.5757369729959956,-0.7418842666021218,-1.5827606619423011
2017-05-09,5.031081411125503,-1.938419024493925,-1.927424317114805,-0.9196917643374918,-1.5519030282669002
2017-05-10,4.953055979939199,-2.1526538068371606,-1.4993913292622798,-0.5983127363827391,-1.7789517075922627
2017-05-11,4.874429982075293,-2.288352398078299,-1.3782723131364127,-0.4410029049656044,-1.8396315674368153
2017-05-12,4.814899009060645,-2.27950940189977,-1.2243163225919647,-0.49145984570620577,-1.811743185041661
2017-05-15,4.882813891829328,-2.4631858698684597,-1.1286917973391146,-0.31970198448958875,-1.889838574175036
2017-05-16,4.9305994566037,-2.4041148502252407,-1.104269896408998,-0.2731725529131044,-1.9789918002132019
2017-05-17,4.942122824752664,-2.6158380272644726,-1.1396983071993412,-0.19071756163053388,-1.7874364025179357
2017-05-18,4.761928330638162,-2.394893728076802,-1.1825152011124178,-0.8753041262984098,-1.5189569512209982
2017-05-19,4.707047928903254,-2.5454906537362247,-1.0885274075015414,-0.8046187246198222,-1.7159649089543665
2017-05-22,4.833719898230229,-2.6362466296180376,-1.1665910854789117,-0.9569189190822166,-1.641518909399938
2017-05-23,4.536842024815964,-2.5906011877666897,-1.021241958896582,-1.1681178143501099,-1.5357521923552275
2017-05-24,4.3003589429291535,-2.6207848861255503,-1.0624636369418075,-1.0993745459514368,-1.6090299461241098
2017-05-25,4.5595509750397865,-2.629865536751301,-1.145289908630905,-0.5202646151222851,-1.9829642115545678
2017-05-26,4.616187381268283,-2.8357948170173266,-0.9269833161495941,-0.29922080528896144,-1.9655571132421108
2017-05-29,4.418038791540749,-2.8667326691925883,-0.8994296928576564,-0.39585442319969205,-1.8742152543393797
2017-05-30,4.481420526337797,-2.883335339610971,-0.9750514997361884,-0.31555213189445813,-1.8039350088029162
2017-05-31,4.326113686665596,-2.925156460875642,-1.107572644700789,-0.2041904970316872,-1.8459714474914826
2017-06-01,4.275906519903209,-2.8068899455165788,-1.0914075442226796,-0.18756851269528624,-1.9984377401452622
2017-06-02,4.387177202730843,-2.7996126713245673,-1.2992770442152382,-0.0372370730240026,-2.0125431408165433
2017-06-05,4.597496446705017,-2.8482491560032246,-1.4889717870430386,-0.15594005062712243,-1.8703257136066513
2017-06-06,4.577391863719546,-2.789012538132607,-1.580045003780795,-0.29431789147232545,-1.6255164770161727
2017-06-07,4.616900203640397,-2.7063509957924303,-1.6838739471677295,-0.16909618238219276,-1.89268798071269
2017-06-08,4.4264133235226,-2.667866739771711,-1.5777139993902296,-0.12364395362273727,-2.022080169926515
2017-06-09,4.463099326818847,-2.718566710842133,-1.565862635020854,-0.12796429670022808,-2.2536917975979596
2017-06-12,4.315969229071702,-2.63051515200943,-1.6117607826712255,-0.2799317049376267,-2.117993562565951
2017-06-13,4.44925800413959,-2.499285171916947,-1.6239277878053966,-0.4620073155612752,-2.0959636747658283
2017-06-14,4.067744634676104,-2.6457047955106137,-1.5337818312100544,1.0995616948283748e-05,-1.905588775673702
2017-06-15,3.988391977213809,-2.5976956740751134,-1.3728671821810858,-0.18412986538781792,-2.0948004132395166
2017-06-16,3.728321130312921,-2.68826774902669,-1.233601672514203,-0.07050832583252631,-2.407933098849155
2017-06-19,3.843115654772827,-2.7483087200416287,-1.137104207359159,0.11650712183174429,-2.5602361107065055
2017-06-20,3.9561282596670932,-2.5954909275553097,-1.2900803290263776,0.06514156020311315,-2.5049251227039173
2017-06-21,3.9922774964754564,-2.379761100054456,-1.4235514282448276,-0.049930957884039534,-2.6271114864699348
2017-06-22,3.939582046612806,-2.4189376954268975,-1.4516243051593247,-0.1187834386958759,-2.5350636707282614
2017-06-23,3.8032238158705365,-2.4645832100991427,-1.597013938792883,-0.31885249368234636,-2.3944895532091515
2017-06-26,3.822096133787236,-2.4388506471929285,-1.533546549776434,-0.36503501946460387,-2.4300980563669494
2017-06-27,3.7887758731245755,-2.367638017099516,-1.5201326599043765,-0.7181413670935016,-2.2729882531179038
2017-06-28,3.9575701633624307,-2.284294396612125,-1.6907706178790376,-0.8067281289838594,-2.255599926229902
2017-06-29,4.207184513264775,-2.26317089031029,-1.8005125609431256,-0.7785173286085909,-2.2585704909608584
2017-06-30,3.730073378778018,-2.2524648486663548,-1.2556021617638462,-0.48975813925530465,-2.3837848692555643
2017-07-03,3.941116199585926,-2.2725503682531847,-0.9649919270627041,-0.3309048241454138,-2.697627519553349
2017-07-04,3.782745793909778,-2.268346907962888,-0.9370239311806079,-0.37522300656794266,-2.898726671137722
2017-07-05,3.5699658938929044,-2.3971454151529965,-0.8261498790212813,-0.06453845970642157,-3.0046297565861484
2017-07-06,3.546841998604023,-2.4507027569605886,-0.7531087962523277,0.0645526792715324,-3.2081237784598406
2017-07-07,3.768023579408104,-2.4023945651570466,-1.0072722965287302,-0.16657353041332457,-3.310289993688308
2017-07-10,4.092647999998954,-2.2844347304555668,-1.0506232033600205,-0.07285460105931732,-3.246940947922615
2017-07-11,4.029990009265152,-2.431198880799142,-0.919148592800875,-0.08414042242850066,-3.253758825248081
2017-07-12,3.962983258778198,-2.4587467710802944,-0.7928999070117587,0.0873730953700393,-3.1876268431926085
2017-07-13,4.167313217722275,-2.3669339710858797,-0.7918422995338176,0.13476975693989374,-3.172095667104258
2017-07-14,4.133077697474355,-2.3800604427788916,-0.9052830037316922,0.12765503887281157,-3.279477859636919
2017-07-17,4.164784435099116,-2.3774231671883226,-0.9259009317894472,0.24255306827473377,-3.085340093150285
2017-07-18,3.997443534859123,-2.3366185973330937,-1.1160937980478771,-0.07652045414844003,-2.7119125326660543
2017-07-19,4.168949879104599,-2.3499259529430585,-0.8484736434564853,0.20833178106681918,-2.597458212022971
2017-07-20,4.112918076718543,-2.227859497135882,-1.020636762930429,0.10022550420616945,-2.6419537829988435
2017-07-21,4.130788001271022,-2.1294957009823507,-0.9259827681161951,0.2924347737185293,-2.5710536152429184
2017-07-24,3.8963415681522116,-2.266980741435283,-0.6702986597202066,0.45437873717461563,-2.530592093862091
2017-07-25,3.8356695177102313,-2.258623021631567,-0.3620728660387672,0.43541883020152333,-2.54040981271347
2017-07-26,3.6701125809497053,-2.301168055229741,-0.10671170535165736,0.5572886355481944,-2.6359532578219356
2017-07-27,3.54008694096746,-2.493830931727534,-0.28557734380865574,0.4391501024950207,-2.549494398490933
2017-07-28,3.5678162090329417,-2.4719708112249528,-0.14478328516381672,0.2659466605587727,-2.5299288189063907
2017-07-31,3.607242281708702,-2.5286470832543513,0.0010743468966538225,0.21845351043797462,-2.4471100069429252
2017-08-01,3.891150677206524,-2.3912344371761556,-0.21605519628938077,0.07002387573437494,-2.490875687800336
2017-08-02,3.674973317758506,-2.41070740140103,-0.1307674636208222,0.045792749053685855,-2.501602866580205
2017-08-03,3.450145256587264,-2.3692716287360773,-0.22319748620353702,-0.09912535618466758,-2.5228711819268557
2017-08-04,3.6107501602034766,-2.274296267373228,-0.14655899639623748,0.02483497620350517,-2.5340186725890343
2017-08-07,3.3516583281358456,-2.383689677151083,-0.09031032773627937,0.18435729271684315,-2.5024071017102743
2017-08-08,2.9072917718690863,-2.343287712957964,-0.11274498162261606,0.03251484514435305,-2.2804824961617025
2017-08-09,2.681827107991762,-2.519899966307217,-0.1363099649522016,-0.23648272130673742,-2.0317726987015696
2017-08-10,2.4101851531232437,-2.372808302400241,-0.42514012962588693,-0.5941490491017508,-1.9047199326461686
2017-08-11,1.9855604843434618,-2.151558798413194,-0.39141481098748143,-0.8783733162364087,-1.6016702961776057
2017-08-14,2.2824715595504608,-2.0502283576734293,-0.36379053960453017,-0.4999805239466798,-1.893519770938205
2017-08-15,2.2697728173533367,-1.9245103842109517,-0.20818782274851289,-0.6098800675592854,-1.9981703312396488
2017-08-16,2.3985715196055475,-1.8761688696789884,-0.20116792047018692,-0.15884627750729427,-2.1707767511555693
2017-08-17,2.6145870664274775,-1.8435172592173208,-0.2905057895942383,-0.2627597384023933,-1.9002657044244222
2017-08-18,2.555304464418412,-1.8018576158251438,-0.20204209401875625,-0.6459248795496095,-2.0163122528466975
2017-08-21,2.2543312735552044,-1.8799972229203252,-0.3564037174583146,-0.8072325539900468,-1.837211541280165
2017-08-22,2.511034959495295,-1.6993107158515106,-0.35519290632279854,-0.9312177267722631,-1.723349069649397
2017-08-23,2.8443465296580976,-1.8228902587049902,-0.16085681169549798,-0.691523327009697,-1.7676117241348037
2017-08-24,2.8911113534773976,-1.6678631008905378,-0.23588700995854697,-0.5665227085101363,-1.7719688786235948
2017-08-25,2.9119498545690314,-1.7876005207578969,-0.18014200249798784,-0.5636844507787043,-1.671332409874957
2017-08-28,3.212718740462936,-1.6915497485020632,-0.4373255653638261,-0.45671272809198,-1.5531345645474919
2017-08-29,2.920096700046326,-1.6937412039869937,-0.5007585091089962,-0.7709680095941119,-1.322583059248532
2017-08-30,3.005766346923931,-1.8054168142328748,-0.3190556009891299,-0.43562675920134913,-1.3404213122756623
2017-08-31,2.9005660843505026,-2.017954304061687,-0.13966942316706538,-0.06390928681510212,-1.21863639371487
2017-09-01,3.009761141052191,-1.939976745844878,-0.13804448392279586,0.2842379168806358,-1.238821710201008
2017-09-04,2.5390888147061386,-2.0437544340795637,-0.00016646754121550113,0.16730018385171158,-1.0023458950836044
2017-09-05,2.724083639435186,-2.235695428237848,0.16053166269744462,0.18141737479970307,-0.7932442646743132
2017-09-06,2.7165886883215866,-2.2301069349858,0.2589616750623032,-0.09116253908587094,-0.7133131225581313
2017-09-07,2.8048358965263898,-2.3037656740798194,0.21952108880496632,-0.059329355986586264,-0.6242600768295457
2017-09-08,2.8657086558600997,-2.3055828485048484,-0.025736931295495032,-0.08715595845347275,-0.5614583840107837
2017-09-11,2.939533749251871,-2.4914468241539316,0.09023407603595712,0.07852908241352173,-0.8196831511311646
2017-09-12,3.0524759457642325,-2.644527550943159,0.30975092627694684,0.39317954475474326,-0.8505709190629894
2017-09-13,3.2743881074289933,-2.649680335353485,0.18946123034680043,0.13943716219270832,-0.6795293175317428
2017-09-14,3.3204409185503927,-2.6788301813294457,0.18144529426079362,0.20385647205846974,-0.6963011682161522
2017-09-15,3.2016993342582896,-2.7149648043206542,0.30418938178452215,0.29068370271866656,-0.562101985114409
2017-09-18,3.03272897300612,-2.7948780274890312,0.5742682983287024,0.5565834899488177,-0.7201248913176795
2017-09-19,3.0504348771190166,-2.777591310515065,0.5775644822724643,0.506362073443414,-0.7357721698644664
2017-09-20,3.0438864493242077,-2.8436229144863594,0.6753987143621052,0.42131032861637097,-0.6518133188016741
2017-09-21,2.638437462607512,-2.7867362234390076,0.8807160280414379,0.5925603972027151,-0.6068500679844082
2017-09-22,1.8868450638937666,-2.865473192306348,0.8321690965718473,0.19723006895578887,-0.3707284105748241
2017-09-25,1.4344359975635728,-3.097724836547407,0.9549881457294335,-0.07767047991910742,-0.284449062035728
2017-09-26,1.4145994129831734,-3.0146907175840014,0.9156802195092393,-0.006476931534692828,-0.42556283459409805
2017-09-27,1.2673408345988828,-2.807647381338432,0.7673654537010554,-0.6464687962960184,-0.055517780607343
2017-09-28,1.5159966128371358,-2.725806303576751,0.5026072037099367,-0.5475179754833893,-0.08852309761102527
2017-09-29,1.7448291313163913,-2.7060804725938774,0.3952924932760872,-0.4678086052453869,-0.07274963350484939
2017-10-02,1.7282415071054629,-2.662245876063832,0.397680164317973,-0.4705731809912262,-0.09067999756051266
2017-10-03,1.7983783374319662,-2.697918739801586,0.6149053527738916,-0.2585499313949696,-0.13898218518184283
2017-10-04,1.4736055553957539,-2.821928037469473,0.9369048989871817,0.31544499192026065,-0.3320228529612586
2017-10-05,1.354435886768545,-2.906802796741172,1.0342686305438056,0.40811949888832677,-0.24776382727660484
2017-10-06,1.7668309555537778,-2.688775397049564,0.8870888408806721,0.596333532804252,-0.19296673445245258
2017-10-09,1.7259424118710522,-2.6873032823396263,0.8939344471030535,0.6821264134510502,-0.14847387555424488
2017-10-10,1.8665812065254503,-2.7267633382250693,0.9462452663851764,0.7246257386977304,-0.038719510635553345
2017-10-11,1.503409392244963,-2.8265532582696653,1.2303457363914327,0.6957411030954017,0.14942545720318376
2017-10-12,1.7964152724243025,-2.81671744011602,1.2438171896691383,0.9910346829723098,0.013054522511650726
2017-10-13,1.9746211539830252,-3.0003535371652945,1.4019450498060302,0.9689952835046348,0.09700063737032631
2017-10-16,2.2951542835215735,-2.929444045115637,1.3455344166815728,1.022422240731752,0.1525226760807324
2017-10-17,2.0582315796453017,-3.0249421290867327,1.5746411903761153,1.1703668701669971,0.28561249806886785
2017-10-18,2.068292086240539,-3.0125511300700145,1.5314947729774326,0.9023657323469471,0.27588257733840665
2017-10-19,1.7214030403640952,-3.0270325098868938,1.4658410205968997,0.8360295321729515,0.4802244263789735
2017-10-20,1.7292680753535894,-2.984445251851794,1.5703541052845085,0.792203427443002,0.4402054014631168
2017-10-23,1.9384515469924475,-3.055488151542271,1.5278521454418847,0.7278055207467411,0.4959982828166765
2017-10-24,1.9695148439972832,-3.11808332071714,1.604507657531032,0.7520757418460386,0.2864706672416962
2017-10-25,2.169581252149668,-3.169107474533704,1.5896516426060414,0.7754588774488524,0.14687274446254392
2017-10-26,2.471244184437939,-3.049705686713694,1.6000862747591895,0.6249670376271111,0.1443368752112353
2017-10-27,2.4654406878349207,-2.916202535215451,1.8005406440171194,0.7118130646042409,0.3240223855789606
2017-10-30,2.3926548099716025,-2.7964021822722605,1.9050193105294795,0.8048826255856304,0.4411645717887761
2017-10-31,2.3144786147785537,-2.701860385910808,1.9807685714527765,0.7058527347859366,0.4390892964522767
2017-11-01,2.551020310295473,-2.7515980355417327,1.922795134723624,0.7861985540224937,0.44470370761890765
2017-11-02,2.6514002971440522,-2.622373330168551,1.9024113084380816,0.7096885943290898,0.5188488164603807
2017-11-03,2.738752782994796,-2.5052549714111976,1.9214676721022106,0.6559817504665427,0.45105012832894187
2017-11-06,2.832096522788785,-2.336598093451858,1.8519451771589985,0.7049772932670773,0.8187682083629323
2017-11-07,2.2468035737780565,-2.3005157597804957,2.033418837097053,0.6153650013746751,0.7760813978923637
2017-11-08,1.8313498225563631,-2.2991262200096165,2.004854712223004,0.6819422578899612,0.8902499910413982
2017-11-09,1.9001153027132078,-2.5253756601321893,2.1148994011429254,0.6481293205494737,0.9131153040851478
2017-11-10,1.3905664795095916,-2.771888331190332,2.419439121674539,0.9017276990440637,0.8443270633004558
2017-11-13,1.3174990066077272,-2.6133247322138042,2.2286020945294984,0.6136377931350597,0.9609363114690411
2017-11-14,1.1943909106000696,-2.519383335334315,2.125841987805378,0.5608466529443099,0.9274481028432195
2017-11-15,1.0643953364034142,-2.4261510543938054,1.9716019290878046,0.2991216642680734,0.985637982668903
2017-11-16,1.3719420982643138,-2.3259293181019,2.0408201652505347,0.515814467921426,0.7897068499445493
2017-11-17,1.3607742845073063,-2.692091852125344,2.147034025414784,0.8065663322087977,0.6910295951582336
2017-11-20,1.625323350709059,-2.5740344701734483,2.1491970616392204,0.718700250267497,0.629021293054147
2017-11-21,1.6255277025854082,-2.5016728145122085,2.348634307454737,0.8012206606344672,0.7536091808638287
2017-11-22,1.5757881771726991,-2.602178030066395,2.4596689618042364,0.812368320968827,0.8250126792709246
2017-11-23,1.5053533206008693,-2.607369924085728,2.580823473431672,0.8977542839276933,0.9220157392929408
2017-11-24,1.7834406790886879,-2.4287420937954964,2.4612704986987177,0.9169254491488177,0.8208078776970892
2017-11-27,2.1300179641664467,-2.358914960841019,2.2461224173548344,0.7653738364786793,0.6622062477986831
2017-11-28,2.075979045391534,-2.475402704038257,2.2600816948660496,0.653622936464082,0.6839626363620047
2017-11-29,2.1146593453267606,-2.2762276668393193,2.277248861244845,0.6098044935789878,0.626827960311469
2017-11-30,1.761658569276739,-2.285221898127312,2.218005125888449,0.27283553416939516,0.6867756881226293
2017-12-01,1.254518329297111,-2.375976786340434,2.23906665821329,0.06847918571200136,0.904755795975858
2017-12-04,1.3036771887027612,-2.219692898067518,2.313661539544438,0.009178950958920656,0.9907921888728862
2017-12-05,1.197519965528917,-2.2273009245368227,2.377153799676277,-0.129732946675797,0.8462105476029956
2017-12-06,1.2609985501283,-2.0747553719100043,2.160456578804543,-0.45609474516762666,1.061490656129963
2017-12-07,1.6407808843403633,-1.985676470260603,2.3679447664924673,-0.20662855538776986,0.8874042874919812
2017-12-08,1.8230507781863323,-1.7441687875850507,2.514672296072654,0.2045715941973739,0.5603228072015671
2017-12-11,1.970475318414678,-1.757884977538219,2.730366419849849,0.2935835466280954,0.78652042772277
2017-12-12,1.7761153011067787,-1.6295446207710549,2.632609016246868,0.007668955510503532,1.0774679749619664
2017-12-13,1.9023675410689143,-1.525199994622765,2.402664556528437,-0.4531815722284973,1.2618805231206187
2017-12-14,1.8967770264360226,-1.5309292082294848,2.5502073020653837,-0.15532997230317186,1.4549810913717591
2017-12-15,2.1902274011343015,-1.6154061431163522,2.5057204733907095,0.12533134795305684,1.037198321232361
2017-12-18,2.6449226253327507,-1.6028210088368442,2.3985708081629453,0.2997597089588607,0.7787644299510306
2017-12-19,2.7574115920481876,-1.6139803903657157,2.446074946292293,0.5360867527269249,0.4890687763659825
2017-12-20,2.9909010273543006,-1.5728118445312846,2.4337623076599475,0.4574126581231302,0.6634418837302412
2017-12-21,3.226431025929384,-1.5283122860639928,2.2910316479779333,0.3071240745191102,0.6960389167769083
2017-12-22,3.0670398115898787,-1.752789775911543,2.438600770669009,0.5239506644636868,0.4704966810471696
2017-12-25,3.0671777680118497,-1.7535214502798462,2.439774740726773,0.5250552592483576,0.470502522089216
2017-12-26,2.707261901233955,-1.87050981428703,2.8126032230898876,0.7510765008451324,0.5504058206960472
2017-12-27,2.5594173846512684,-1.7355212696229971,2.741044649204912,0.7926269033486742,0.6711844797989592
2017-12-28,2.4973634576768955,-1.7953780307275315,2.7561229905225084,0.8224595024081375,0.6869194363972786
2017-12-29,2.918549921357331,-1.6008677148980852,2.552586365810316,0.7050990229681909,0.8748711484321234
2018-01-01,2.937640261559246,-1.68605358805329,2.4439346314749475,0.411919479329466,1.0759250486472631
2018-01-02,2.7941006856709123,-1.7041630897360556,2.4871705827891875,0.4013207644784149,1.1466131724251512
2018-01-03,2.7951937917715597,-1.9320424241683933,2.5701494891677314,0.41923367231110303,1.2516684908425428
2018-01-04,2.825076626391201,-1.9572647874896631,2.642561250456403,0.5249836283410101,1.1102036581598083
2018-01-05,3.1366032946975273,-1.8413821841260831,2.606391188368439,0.5119878956991173,1.0708577905894958
2018-01-08,3.1027059320939,-1.750441814137779,2.7836616315972886,0.6088425509790133,1.200340424884987
2018-01-09,3.0568385067156676,-1.7963749179516122,2.898312398309964,0.5780254847039751,1.1751947021397706
2018-01-10,2.7864582484817615,-1.8722030588740701,2.8981682869174508,0.6375384995363861,1.1336750482917635
2018-01-11,2.911281752826789,-1.7974207836115008,2.746634370019504,0.5523620205505775,1.0435043142607436
2018-01-12,2.6889734313846474,-1.9000667397587705,2.817590902200036,0.7740165208501671,0.9164084349836713
2018-01-15,2.4474906535695795,-1.9825952460421448,2.9349848326609083,0.7776696740383999,0.9162256757026794
2018-01-16,2.2323773426234528,-1.8738927107231562,2.7680989424993157,0.6141645413380967,0.9517041756559296
2018-01-17,2.2967699468391576,-1.8272964144143564,2.8298709916190323,0.7637729340507481,0.9137181511489786
2018-01-18,2.02798274461041,-1.7596289732240578,3.0190568561641524,0.7243436856360354,0.8143797725041486
2018-01-19,2.056612730856319,-1.8736531034794721,2.9905726843544063,0.813438019660149,0.7976317663103338
2018-01-22,2.2486238817177573,-1.7645920428818305,2.950821946485781,0.6080043037231141,0.9682344516562623
2018-01-23,2.418410614795673,-1.7768244550299632,3.1341708499442142,0.6115256656731749,1.165122261523135
2018-01-24,2.2477648250086153,-1.8102957559588895,3.22674856546834,0.6607308125683556,1.333171574927984
2018-01-25,2.0395230345701774,-2.048509726039883,3.2405405927266653,0.7009076159908048,1.2899494150955007
2018-01-26,2.0401582033498515,-2.0181238793408114,3.221837113044136,0.6974450048141291,1.2554229404935209
2018-01-29,2.1411755357017546,-2.0280344224224787,3.1310099155125055,0.6818077532454137,1.3617229512139093
2018-01-30,2.2633706726894887,-1.909312628740981,2.7794344524282475,0.47133829731007165,1.0400779721318028
2018-01-31,2.4336864916219354,-2.075468264699729,2.443222519787452,0.14674551735246347,0.8990094975871213
2018-02-01,3.0073274863366293,-2.1041349765605837,1.923326357032781,-0.05707232344578196,0.5956400130785819
2018-02-02,2.6854296475198507,-1.6645065115427309,1.468498356956959,-0.9759807606883869,0.9913827000290071
2018-02-05,2.475637459242712,-1.4463611083812755,1.5104729915504,-1.173447481094306,1.1612514996528178
2018-02-06,2.302641342209789,-1.2119681623184388,1.105345871048709,-2.0655268053076514,1.60960833861508
2018-02-07,2.379891820538928,-1.2664714755808677,1.0981089955611367,-1.9852721772583135,1.6428329316500958
2018-02-08,2.472573765782068,-1.1328508960271877,1.217059845352635,-1.3430478467034055,1.4824551419077512
2018-02-09,2.08289392200793,-1.1195402405901236,1.17008965514253,-1.5960250353852077,1.7354673576777992
2018-02-12,2.2851459303804114,-1.3827117006003096,1.1749516784665828,-1.1145885546499008,1.605420917473018
2018-02-13,2.290948019529526,-1.4386007183429455,1.1288375425284878,-1.1045599699966233,1.6505565604938317
2018-02-14,2.181514771526172,-1.7264726035549718,0.9746700351080515,-1.0008978227888305,1.7864068678396259
2018-02-15,2.121825927793649,-1.9496874924325516,1.2256058941494772,-0.7773735567660908,1.6576269454543657
2018-02-16,1.922260007629344,-1.9646407599357867,1.1445406997508016,-1.0261369517806642,1.7749189323707972
2018-02-19,1.7506484584313313,-1.8677474736668973,0.9946008784830318,-1.3689517070737938,1.8324872243828139
2018-02-20,1.8402512949755436,-1.5000156415240595,0.9838767063282841,-1.6009437779421083,1.71404664083712
2018-02-21,1.7227967943927962,-1.4274610797473721,1.0768279303194594,-1.4678283456223302,1.5678497607182162
2018-02-22,1.6699446287772248,-1.491388465706437,1.06375733609736,-1.5045685709426517,1.5064061948045824
2018-02-23,1.8199657200711183,-1.5105739315237716,1.3032568486289302,-1.1010229231713224,1.3630027223815344
2018-02-26,2.0735613343804866,-1.6694934377601567,1.3365915800937171,-0.8395930039959527,1.1376568327742131
2018-02-27,2.036556103455748,-1.515965555969542,1.2613516453935347,-0.9834786671480215,1.1358210810437486
2018-02-28,1.969934666813715,-1.4321295711141957,0.9986656836173358,-1.1372292184477706,1.2038931449081602
2018-03-01,1.6543134361551328,-1.2231698164968252,0.9864969553699307,-1.199286316107762,1.1519595463709107
2018-03-02,1.6160822927408791,-1.2541744781397135,0.9573919784730703,-1.1388793691203638,1.2126110799820355
2018-03-05,1.3358875031232234,-0.9214042736825796,0.8784702407158377,-1.603183599400844,1.5648166584126317
2018-03-06,0.8960735958451845,-0.9914553440645586,0.7085852436116385,-1.8034297104828279,1.8219000320752623
2018-03-07,0.7628758531247462,-0.9508811493208367,0.557467795214825,-2.033429772568333,1.719358317686778
2018-03-08,0.9596960339983241,-1.0772947025562376,0.6062816535362345,-1.8670941824453444,1.606593131359321
2018-03-09,0.955396348811682,-1.0081088107668215,0.4882824920667937,-1.9950408483466813,1.7036970883370517
2018-03-12,1.2599312821478537,-0.9971152268523472,0.8456311870425395,-1.372310618973235,1.5592067537211274
2018-03-13,1.049560157879087,-1.1070284910480326,0.9069450526065529,-1.1702742396709296,1.5317135553867143
2018-03-14,1.0022610531703209,-1.1542193335895818,0.9339471018151871,-1.2768004659212078,1.4438941777090342
2018-03-15,0.8461946793355618,-1.1675017928925702,0.8197606469939096,-1.418939144373813,1.392578699261647
2018-03-16,0.2963444989326718,-1.092606415625819,0.7155554045397646,-2.0732492767883746,1.530142794098683
2018-03-19,0.12687005299700355,-0.9292457316804019,0.3189098750034482,-2.502823940204191,1.5532250555678262
2018-03-20,-0.24007049042203865,-0.866287902147034,0.6222356838083364,-2.2554063434626506,1.3927465907490768
2018-03-21,-0.28415484170502714,-1.0615854578373707,0.6605692890898808,-2.0965950807568596,1.3977270246697462
2018-03-22,-0.7975086789798019,-1.2713883243492814,0.8949193035453641,-1.9131608149010233,1.4767363178047201
2018-03-23,-1.0002479621752387,-1.1490664259606658,0.6851127520417979,-2.2924031698222964,1.7726810104045967
2018-03-26,-0.5076577813693451,-1.052890176039299,0.513636871470268,-1.9257550634738416,1.6243445002802503
2018-03-27,-0.39298557455926925,-1.106120647539501,0.7700176857636838,-1.7373852441898434,1.7082421323748753
2018-03-28,-0.6714512326618922,-0.9118728182329535,0.6717831114405708,-2.0757183073888528,1.6515342937878974
2018-03-29,-0.6974393572094232,-0.9547089082419089,0.6012281363921791,-2.076948360873672,1.6993503410922648
2018-03-30,-0.679848837906433,-0.9756467610513871,0.6257771939264758,-2.0615952965828326,1.7133364311239314
2018-04-02,-0.7650393396848952,-0.9042794804029398,0.7513163796781199,-1.3738912029486803,1.5903264208936263
2018-04-03,-0.7781902839328005,-0.8197888920857607,0.9554943702868731,-1.3332141168927665,1.3923558463742904
2018-04-04,-1.2771463813757595,-0.8871404338494564,0.9752810218112882,-1.581790164468334,1.4960244220866032
2018-04-05,-1.0630510467460026,-0.9747304997745986,1.255484097424681,-0.8748689191040667,0.9631851440303548
2018-04-06,-1.1104998902421854,-1.0312519041610742,1.2454279840130453,-0.6733811593191603,0.9163328127269376
2018-04-09,-1.0429781327255399,-1.2180462612879106,1.37675731109784,-0.6334925561141738,0.7735113321559112
2018-04-10,-1.069705355169247,-1.3257068371539869,1.5386046018353576,-0.5435804935036905,0.714642351558605
2018-04-11,-0.8240398456458815,-1.1243655262221535,1.4781933557640672,-0.6016385122544327,0.9067224599344765
2018-04-12,-0.7650980250440254,-0.904767823613639,1.3861718527213935,-0.7355796582842429,0.7941627131349511
2018-04-13,-0.6522075863174226,-0.8074280497841311,1.2709694079911855,-0.6723937585819676,0.786465452468857
2018-04-16,-0.44734534514228014,-0.7370683005791545,1.191558714288376,-0.5320274293242319,0.8145198695807022
2018-04-17,-0.4951367354855642,-0.8092093491612954,1.2684711318753106,-0.45956763834770376,0.6479772710670052
2018-04-18,-0.7358962926574751,-0.9620157485469837,1.3424084678968515,-0.32555068381744634,0.70308254470326
2018-04-19,-0.8068481101501693,-0.9422141231571194,1.4806886351318973,-0.04484354629703129,0.5960645220405107
2018-04-20,-1.1825086007352972,-0.9063325329690444,1.507512149473545,0.13207464557019727,0.32739858926671456
2018-04-23,-1.2026812656886727,-0.9197771233477319,1.6479719212772306,0.14334544434256966,0.354986287122437
2018-04-24,-1.2335510604615016,-1.1397755999777135,1.577375356541522,0.38134365004136667,0.0646225185739862
2018-04-25,-0.8885836437259128,-0.8438044606945497,1.373481486460583,-0.0926299968688334,0.1824183984754343
2018-04-26,-0.6664410602425377,-0.6645759361049034,1.3493173401987915,-0.1077425666492074,0.037297516683126634
2018-04-27,-0.6357115678498227,-0.7344787703283808,1.4712764158085747,0.08727930578324487,-0.12285962904132762
2018-04-30,-0.7831249084478594,-0.7512711756456223,1.771410357641635,0.31865492884902635,-0.10269693043483274
2018-05-01,-0.7938754426896568,-0.6501036766848143,1.7985619952859553,0.30772494334453876,-0.17974509656560014
2018-05-02,-1.4151979453285521,-0.8099262464028643,2.0594762325779565,0.2956200671651079,-0.23839773886465532
2018-05-03,-1.910894261915191,-1.0544922232944511,2.172206117431485,0.3894935517200248,-0.17948659436821301
2018-05-04,-2.043523025783487,-1.0645612623036458,2.075228616855299,0.19170815869129515,-0.06497086961843312
2018-05-07,-1.8027619969755921,-1.1527200522214118,2.2018324951181882,0.4389368562143965,-0.27225050079147195
2018-05-08,-1.972469582660246,-1.2582709813904365,2.1925180175518677,0.49523204856708636,-0.33485868038999234
2018-05-09,-2.284538964558108,-1.281984335162648,2.5362634957882344,0.6136374554732977,-0.4924598072543479
2018-05-10,-2.2003182577347515,-1.2618804228060054,2.3478064635996567,0.16637244376947932,-0.5551249287686844
2018-05-11,-1.9460103044937236,-1.259706938391435,2.474128968548474,0.3441970557047165,-0.755737102564251
2018-05-14,-2.249005644312052,-1.3353781853244278,2.4648886031985358,0.4077874938527357,-0.7802701184940711
2018-05-15,-1.9996696771686944,-0.8975072896824893,2.3308556843148307,0.04139589936728013,-1.0205539051704322
2018-05-16,-1.929095375386935,-0.82281763465596,2.2025411097191605,-0.14925854182221604,-1.0258609407331352
2018-05-17,-2.2302622807436965,-0.8565372641899394,2.2744614041402818,-0.19824896701687073,-0.978493020790619
2018-05-18,-2.234588335745201,-0.6551365869265307,1.9118212181545322,-0.688620470313336,-0.8949569580107931
2018-05-21,-2.5123054082435265,-0.6230083524709871,1.8708668522787462,-0.9564594144724445,-0.6736142642898305
2018-05-22,-2.4358240965902898,-0.6535792533960326,1.8877306018616635,-0.801844388073086,-0.9297598099499628
2018-05-23,-2.6691160755111967,-0.5745995514157661,1.6465122516841986,-1.189463997950425,-0.7357524786849846
2018-05-24,-2.5397752252489734,-0.44667430012019965,1.7282902842120267,-0.9387334659330668,-0.8762997858258933
2018-05-25,-2.298272465103995,-0.4792158319586416,1.8010312372812791,-0.4725082698722633,-1.0359277384915415
2018-05-28,-2.0110001415619534,-0.5327548812846333,1.9366461952434357,-0.13247636802962695,-1.1084106386312518
2018-05-29,-2.0958340418448134,-0.29948167203737486,1.8011538010828065,-0.3459043495066484,-0.9860493220831624
2018-05-30,-2.034970538976573,-0.3159345403687777,1.7429262417500728,-0.6408565296812806,-1.0231743122137709
2018-05-31,-1.9128077333812183,-0.5184064614549886,2.0645702289080856,-0.23342987837366422,-1.350014659006071
2018-06-01,-1.8808670691808507,-0.3350481429218374,1.9116595735783102,-0.4645676552690482,-1.1514530225129738
2018-06-04,-2.160224104913037,-0.10443074876908623,1.8800995085626147,-0.6556182499460642,-0.9273274553351555
2018-06-05,-2.2725473892670753,-0.05142157328497471,1.8983505526124858,-0.7993229875334896,-1.1450463081119957
2018-06-06,-2.0714457365960324,-0.09537101934853034,1.8631868811933423,-0.3278310916586748,-1.6024811652019786
2018-06-07,-1.82755995206209,-0.21708003920165594,2.2148275212315354,-0.01832780312273395,-1.7274932506177492
2018-06-08,-1.6425935600489852,0.07516658109608874,2.0788428742165674,-0.027495412093338875,-1.5709577900431348
2018-06-11,-1.5085539674858024,0.12810583088201197,2.0058193782261666,-0.08181384337643355,-1.5470247086795557
2018-06-12,-1.1646997054808674,0.3288938145387678,2.0373976146628094,0.09751739720087153,-1.5645956360061801
2018-06-13,-1.273854418805614,0.5704799258720628,2.1593036800948777,0.22282351046866022,-1.6037621530985633
2018-06-14,-1.3594444606664184,0.5281689704977275,2.239859203491865,0.32672673503423844,-1.4414449569604573
2018-06-15,-1.0589554044933591,0.8238734530321239,1.97903353450024,-0.07604959076034808,-1.3572721710785123
2018-06-18,-0.8541971048378436,0.8394760936036123,1.9748294103023645,-0.3480009547810771,-1.2530667050128748
2018-06-19,-0.7482593328173883,1.1862132814326483,1.6254673474288919,-1.0191275415534162,-1.1297721935430227
2018-06-20,-0.5730483241405198,1.1015747814268497,1.7863314087403717,-0.7855693574293752,-1.2944980146558573
2018-06-21,-1.0790507463386894,0.9769076393850639,2.113940257889803,-0.9263387875810295,-1.359878930978621
2018-06-22,-0.5524539785569516,1.0228267819590366,2.107496566910983,-0.8605647172389336,-1.5797676877056879
2018-06-25,-0.9612694681399488,1.085519496794948,2.089437208650275,-1.1142359975497877,-1.4722915882403445
2018-06-26,-1.0075382962030808,1.301116605225119,2.1719131212574023,-1.2657760945550256,-1.6157208317294318
2018-06-27,-1.3936724744504172,1.5706833049435,2.309093617574856,-1.6481035877690597,-1.4833788622716235
2018-06-28,-1.5616114973655622,1.5861654571716972,2.0051800965788775,-2.031479847491489,-1.2987257109313823
2018-06-29,-1.1915125808022227,1.4613599749389503,2.2903869784313473,-1.4853447258197707,-1.652985189176888
2018-07-02,-1.5558140782125092,1.520281294865655,2.2985484882460443,-1.7244865437656993,-1.630599075736716
2018-07-03,-1.424452119631465,1.6266060925507513,2.3319341618265046,-1.3683540657753483,-1.6140858189623888
2018-07-04,-1.4520192593598218,1.5471931529686778,2.48918384169767,-0.9654539307294694,-1.8449607674615591
2018-07-05,-1.7217168065786044,1.560887849357736,2.2791674758301874,-1.0549261339278533,-1.9670404689799834
2018-07-06,-1.6127596685131238,1.561319623511195,2.3154806823225824,-0.973462535156165,-1.958072934109725
2018-07-09,-1.1432955945777605,1.4383074717258064,2.2621177035177538,-0.697920084130803,-1.921953808310931
2018-07-10,-0.9072773186640787,1.350625450980002,2.3774785227056228,-0.38400308880517026,-2.0467102491789024
2018-07-11,-1.1220142193237612,1.6781037287830116,2.365196979039263,-0.605715123571845,-2.1383670843044467
2018-07-12,-0.617101537069845,1.5722870062418826,2.165231066127604,-0.7780385250714582,-2.1952147742557564
2018-07-13,-0.5126331353770968,1.6920815883398945,2.085256331432396,-1.0276703310145079,-2.1855029749808326
2018-07-16,-0.9118192439003894,1.8335203553210802,1.8415582854350185,-1.5918179520312508,-1.954395052464998
2018-07-17,-0.8979030013478754,1.770102673604032,2.135730603683911,-1.1694098906961208,-2.1647710692209063
2018-07-18,-0.8854712101148033,1.9469941351011075,1.9657511020367573,-1.5988552945530525,-1.8423557824073138
2018-07-19,-1.039392621188883,1.7706241862968946,2.0215459315192863,-1.6011224391518957,-1.9061616283190062
2018-07-20,-0.955223228702562,1.9463946050888072,2.2311057740619686,-1.3777108127058137,-1.773139268673009
2018-07-23,-0.7621789818579574,2.029947195720016,2.260862203860515,-1.026502760798338,-2.0436240854582945
2018-07-24,-0.4436930484211092,2.213162702142161,2.1612788769389004,-0.8983879634884845,-2.0592785230147084
2018-07-25,-0.1634123303725847,2.3254881065543183,1.9731392154907088,-1.0703810653745076,-1.9713472431133212
2018-07-26,0.08670533924294936,2.4228421680485255,1.9038889999179753,-1.1406856210081446,-2.0850022822712826
2018-07-27,0.14572587805575704,2.4690956903802164,1.9767463924442703,-0.8628850112782978,-2.0277368433696754
2018-07-30,0.11322778085644701,2.6070465509450846,2.145600169352659,-0.7837421049990317,-2.0861496236097614
2018-07-31,0.0646102098143126,2.6727148305239723,2.2449054275465836,-0.6046827544245202,-2.0973928090067133
2018-08-01,0.4069775160435506,2.941646186154774,1.971635373601905,-0.9077947539564184,-1.9725370585506805
2018-08-02,-0.04321037230695549,2.905127200608623,2.1487046639704657,-1.0503572704772473,-1.7769770405690373
2018-08-03,0.2530127129584041,2.885995731602286,2.059457833776307,-0.6573715316113721,-1.9948312159497796
2018-08-06,0.31238513951569374,2.7645970573526513,2.208113201930267,-0.6997029910523593,-1.8650755697540349
2018-08-07,0.032091880747996196,2.6885203447768746,2.328671785850701,-0.6098702266201934,-2.00560850441967
2018-08-08,-0.15971600336088954,2.646130325767148,2.6491053433362386,-0.46334756903410146,-2.058782866079424
2018-08-09,-0.1008136381376004,2.627739465911531,2.781713426780764,-0.4714896259449522,-2.0510484138369076
2018-08-10,-0.3007225473659773,2.683436228366577,2.8243785414280937,-0.6668771059967186,-2.075014605574597
2018-08-13,-0.6243330312228965,2.723963573968756,2.750035357848056,-0.8139349376391625,-1.8518494566860293
2018-08-14,-0.3841039154281366,2.9689570814180795,2.953111966213814,-0.4981668669032588,-1.8248214877535804
2018-08-15,-0.41961455877534126,3.023200890125296,2.8386911607570027,-0.43787998674322237,-1.845372084868454
2018-08-16,-0.4716726687757367,3.2721663847661917,2.672872237837937,-0.5499417089164733,-1.7623076825140862
2018-08-17,-0.3154602546478116,3.152177639897525,2.821752254827347,-0.2502577968456507,-2.102665129429216
2018-08-20,-0.05178585421926789,2.8983515588960764,2.8074289321834383,0.02599069221163234,-2.0957173935673308
2018-08-21,0.10655808987266639,3.0319776172260005,2.7801375729412467,-0.021208012737027618,-1.9963694658295386
2018-08-22,0.09885307684385841,3.074172090228288,2.7666168516431235,-0.027823316131962105,-2.0354029171574486
2018-08-23,0.1939821955114266,3.100472472301752,2.6964362391169785,-0.18486462703905013,-1.975825012858589
2018-08-24,0.08403978879490254,3.0766786017767522,2.631969182075632,-0.16480206558593635,-1.8445601024822615
2018-08-27,0.38160993128729476,3.029142887495662,2.574916025898012,0.02759699358752311,-1.896204153113788
2018-08-28,0.27176437859785296,2.9538946645312936,2.6539172039535,0.08380902640006381,-1.931144670693449
2018-08-29,-0.004282631403650529,2.6822513065752585,2.741853257667055,0.07423737077786981,-2.071184871887369
2018-08-30,0.13659410402002747,2.742833590095645,2.7937702150854835,-0.0978388244353247,-2.042120798047698
2018-08-31,-0.14218027025886318,2.7557040530435644,2.9396593752147453,0.06679754014834323,-1.8489156151572554
2018-09-03,-0.2939253055904313,2.7752081672282656,2.8065834956288778,-0.37254573188421597,-1.608497146815225
2018-09-04,-0.6170806746402122,3.003920249713091,2.7573123902407533,-0.7422313392186615,-1.2988725189387225
2018-09-05,-0.5546839577600001,3.091846544313048,2.5485216975588756,-0.819033379670912,-1.2867282276724852
2018-09-06,-0.34063875026584406,2.9730950817484345,2.511921439371615,-0.6546583232269724,-1.1996565633280871
2018-09-07,-0.0321186846151595,3.007014494873871,2.6720464897225504,-0.4660102020231293,-1.2308995353094114
2018-09-10,-0.24852195471883273,3.179127483867503,2.3527149268028382,-1.1684043170369085,-0.8685552962318558
2018-09-11,-0.247932157240897,3.3868499683793676,2.0905838661160336,-1.94116764688199,-0.5605216207356162
2018-09-12,-0.08846485395555882,3.3558953538425964,2.115224493018732,-1.4909529287425771,-0.7462981544213537
2018-09-13,-0.022556104348737678,3.305002343634278,1.9453331869145447,-1.4450541274729831,-0.7477982621389219
2018-09-14,0.41622930457275575,3.4093582683643477,2.286873015199115,-1.0521309136464172,-0.8810431407642105
2018-09-17,0.1594274486529855,3.509810796747891,2.0700008479229264,-1.3763584870349412,-0.5717134716050896
2018-09-18,-0.0869227371611925,3.7701130583623317,2.065510629039862,-1.639216201635585,-0.5152965592157738
2018-09-19,-0.003720458801935116,3.7359957986475556,1.8865952690223255,-1.770980301943795,-0.34266817768560215
2018-09-20,-0.0076973501522400655,3.728146924860997,1.8297409746706275,-1.6741132867524224,-0.321285668410685
2018-09-21,-0.23915988250498632,3.7468408768072403,1.88231996815811,-2.0605194361337897,0.05438750229605103
2018-09-24,-0.5938701679337988,3.8236534053118425,1.98764437357406,-2.6328047068946363,0.6516839858546911
2018-09-25,-0.3642666251130122,3.983474219383104,2.0942905267909957,-2.41742266347422,0.4229337587488201
2018-09-26,-0.2399101229877487,3.927294400323736,2.0553913572561293,-2.6100972776948277,0.540533403354187
2018-09-27,-0.31400073896195985,4.162885763328183,2.041694457935822,-2.884828308210301,0.5612215363551258
2018-09-28,-0.34658840982387834,4.2541342078662385,1.943232681178765,-3.0185949690572746,0.6628876614470282
2018-10-01,-0.14370687975283178,4.374026058262444,2.1481390338380963,-2.807927342126757,0.675042972722786
2018-10-02,-0.1956775758845805,4.375312915215867,2.163091793013639,-2.7963557738246574,0.7151553573932782
2018-10-03,-0.25375691236641584,4.340381070583627,2.078335369684739,-3.320398095291976,1.1794237941997712
2018-10-04,-0.8018373750867337,4.466692946763964,1.702891761624708,-4.0414834203649885,1.346494569849314
2018-10-05,-1.476224612088633,4.8018932603819104,1.391048722023503,-4.703284886509256,1.6923062042751893
2018-10-08,-1.617562443036153,4.71149353260557,1.5583525969213017,-4.67005204968319,1.755120462427105
2018-10-09,-1.6765110920974688,4.866283936424467,1.3870162708203644,-4.855019739773472,1.9971321270006066
2018-10-10,-1.344613001248531,4.773087996128814,1.4649623660358808,-4.175111021957037,1.4884025760130357
2018-10-11,-1.926694701162915,4.8503062938681145,1.2157181225835654,-4.842040810087897,2.164332302076469
2018-10-12,-1.2713107806588415,4.598572827321804,1.490786316978634,-4.215062001448925,1.6450839096392906
2018-10-15,-1.1158610488047047,4.559556211401954,1.4092061084695229,-4.098602192611012,1.767041467084304
2018-10-16,-0.8916323433168911,4.6296917547434155,1.4883634535435277,-3.758707036000612,1.560690075200177
2018-10-17,-1.475180461191333,4.794418616316097,1.3908902921069668,-3.9707847489377928,1.821990490517945
2018-10-18,-1.5395902799376844,4.859494885957609,1.3031781848961659,-3.905992716574432,1.812525779769366
2018-10-19,-2.2417589750729827,4.7570355139800595,1.3617970804612016,-4.149986988614051,2.0489148103438106
2018-10-22,-2.658267927705693,4.648001686036469,1.4904963626169558,-4.287637588602449,2.116099293542171
2018-10-23,-2.916091697391403,4.402704552020168,1.0983257618839857,-4.274735499148873,1.9672883302938344
2018-10-24,-2.8712029000331785,4.291834259476172,1.3000584480828894,-4.067997068053089,1.970262767817514
2018-10-25,-2.9572381166071273,4.160303548665184,0.9681245263981433,-4.4613877171955485,2.1010482840207336
2018-10-26,-3.5473242284155924,4.03982484410574,1.1011617409026284,-4.574067626548556,2.3091618222848314
2018-10-29,-3.4292618445828853,3.758181949771211,1.5704813087648537,-3.7733400999921103,2.2093723208382854
2018-10-30,-3.47149732481854,4.058347866076551,1.2803693380268748,-4.058355279239693,2.2884451498660177
2018-10-31,-2.8757518507049524,4.370355539163872,1.3012976629946813,-3.792881497868543,2.2650724346466804
2018-11-01,-3.148796244302173,3.839050753644242,0.9348476456623035,-3.4455771984251093,2.2661334434142506
2018-11-02,-2.879241332312043,3.697764617884834,1.0415762258891863,-2.797535395497324,1.7329621860796003
2018-11-05,-3.229177875430084,3.56517721084167,1.3102508751976831,-2.7900444155818604,1.9927385669469804
2018-11-06,-3.4126581672734826,3.5547461970130403,1.4297649583103822,-2.66624651641643,1.8887662912270582
2018-11-07,-3.6422686668490325,3.2933707942107886,1.6275673058243854,-2.1629225175413573,1.8716600010780438
2018-11-08,-3.58075938003486,3.277169897664806,1.6143051817218668,-2.2047704258645924,1.841920087621691
2018-11-09,-3.3867643642722567,3.569446761863264,1.4375457379373648,-2.473123977391227,1.798944468291462
2018-11-12,-3.591610198551869,3.6183074482940194,1.3366974852141045,-3.008296103130694,2.2712181363372435
2018-11-13,-4.043411560276597,3.5322359806068557,1.5250291443864596,-2.331820307389421,1.9285966059912723
2018-11-14,-4.127492745774819,3.1966112369381174,1.4555466339916225,-2.4157283839760155,1.7801834871100553
2018-11-15,-4.142216706028853,3.0825575944823123,1.5623932658744526,-2.2324197157069223,1.7148053179990346
2018-11-16,-4.487608432575402,2.8122332225209257,1.8768464085152936,-1.7628402035825228,1.746900815776037
2018-11-19,-4.719857969973185,2.47701005267355,2.219412968765763,-1.308441266384745,1.7550944402494923
2018-11-20,-5.547207522560636,2.2813559414220883,2.2778910603061857,-1.2534717801376636,1.7319469538751744
2018-11-21,-5.924835858890383,2.1607147349193503,2.320306321132684,-1.1825687478711253,1.7107266768072302
2018-11-22,-6.416833217993966,2.092006364880824,2.24883863157545,-1.1954453336544482,1.7704310454442505
2018-11-23,-6.37829965379027,1.981312934629608,1.921750614363756,-1.0691051333218629,1.8308214147388369
2018-11-26,-5.903580481682127,1.9303655344874016,1.838065214166881,-1.1851575700506967,1.6874212246988443
2018-11-27,-6.2914506967295845,1.5462635387602612,2.0778764221982757,-0.6650081092032838,1.2316876900445475
2018-11-28,-5.778934289485169,1.5920300380914543,1.7263049944647726,-0.9231392966435167,1.268806480482786
2018-11-29,-5.28647029311728,1.7841511491915845,1.763016310670993,-0.6473539268201335,1.3125094645270885
2018-11-30,-5.285683678877529,1.9232121483352838,1.748510616414952,-0.597924931177354,1.2844156007458132
2018-12-03,-5.240683871040895,1.564139737733534,1.7265847509350796,-0.4688716912635364,1.1024921270253163
2018-12-04,-5.547022682631727,1.5125459438980988,1.844316017998298,-0.3329411110107787,1.1747124182576203
2018-12-05,-5.991433755692434,1.3099699103011813,1.7592996237095522,-0.5987359100121629,1.184638486103517
2018-12-06,-6.752745101684577,1.1673231398098503,1.3922018688824178,-0.9659602749555631,1.296559596220159
2018-12-07,-6.541663165014992,0.9175831162180834,1.467432943231819,-0.7444725661144472,1.0437153251928692
2018-12-10,-7.217058284612172,0.9640650241298102,1.2857048476233206,-1.318715956035817,1.434862903651635
2018-12-11,-7.277653868376253,0.9019026976398811,1.3072494360725304,-0.7672050854275027,1.04322404595924
2018-12-12,-6.625498983936116,0.941165904609102,1.3732649063184474,-0.09466174722883504,0.6939133344423257
2018-12-13,-6.68444344799219,0.8971864145091862,1.5352922179493986,0.2155867347553191,0.5051536094802055
2018-12-14,-6.407159847246703,0.8788477907372377,1.2182622489854178,0.15141340811088264,0.438214357297924
2018-12-17,-6.187117550786104,0.4855710543403517,1.0567202812698187,0.4497102029549859,0.2254809577796793
2018-12-18,-5.610955119312145,0.37542389564657574,0.7050440560407926,0.18362730398025906,0.12483691905802301
2018-12-19,-5.625784954859371,0.09891708830071737,0.9634364605034625,0.5312383121081781,0.021137117852789426
2018-12-20,-5.5278903997534385,-0.06918876646989819,0.4718004610908473,0.5349254815375194,0.10114140593495426
2018-12-21,-5.851126436562962,0.21960262757290477,0.3109361960135008,-0.20048717419400433,0.4330824333820885
2018-12-24,-6.086805528755751,0.17904085373746956,0.04794779319538867,-0.27836089086319055,0.5784468656883835
2018-12-25,-6.130309428729142,0.23899454146240465,0.12036832874859649,-0.2559090355378674,0.5601579428797663
2018-12-26,-6.19851794211587,0.01630864199916847,0.35951435678566024,-0.015830160177769267,0.45394942498831187
2018-12-27,-5.895055474045802,0.018344433352928454,0.23785251932317025,-0.04378261749522393,0.4626303352871103
2018-12-28,-5.583474971016241,-0.2059613650763577,-0.01791518574615122,0.13058807648492415,0.061835748317129485
2018-12-31,-5.678422759526234,-0.3133068619643295,0.04863553388522498,0.13770819941135046,0.05365252683888892
2019-01-01,-5.495599318486837,-0.4384406179901029,-0.0832464406196007,0.10349019920989941,-0.05349093811170538
2019-01-02,-5.616537872542771,-0.4616866093387842,-0.29972703136303297,-0.3018456549938206,0.28604725639202
2019-01-03,-6.005650408837947,-0.7386987704821495,-0.5300257031922354,-0.4827595103063386,0.3376286056356535
2019-01-04,-5.901759464416668,-0.9796626394156123,-0.5370790224747435,-0.2953660049343023,-0.03139336746403574
2019-01-07,-5.958704417646446,-1.1538596598528414,-0.48467140231311606,-0.05154910089236552,-0.18442152708008575
2019-01-08,-5.797383915295431,-1.1402451483309242,-0.43340321935444254,0.07537852204029813,-0.37636989857618214
2019-01-09,-5.624001495004645,-1.1889714547698143,-0.6964098970308724,0.23035586039516534,-0.650614088104629
2019-01-10,-5.6895795793283375,-1.1652277013028276,-0.7759648786523257,0.16275633135653741,-0.596485441902299
2019-01-11,-5.551885839193942,-1.1501290632749517,-0.9645688123704548,-0.01746440208823618,-0.6192105714342605
2019-01-14,-5.530723145678579,-1.1015823698821783,-1.258814843233187,-0.1690600336347785,-0.32358780075850463
2019-01-15,-5.164163376578095,-1.3117485590749574,-0.9679066559883592,0.020309149621555812,-0.606897977895102
2019-01-16,-4.987045315675365,-1.2667717744683866,-1.080495271025272,-0.12787415717161696,-0.5014558297270161
2019-01-17,-5.022585458019896,-1.299287749802022,-0.9754438324695665,-0.1584262665834858,-0.6358053447455673
2019-01-18,-5.181517228046605,-1.6223221214238535,-0.7443487330833856,-0.19166162543039145,-0.6549664485142733
2019-01-21,-5.246553684540403,-1.6806180122562107,-0.5138719510647531,-0.17702400333030419,-0.6324317646334688
2019-01-22,-5.675974425803982,-1.6391018924532683,-0.4362941305825657,0.07623373661267523,-0.7403951821677338
2019-01-23,-5.56254671881263,-1.4979470446092684,-0.8351676074252792,-0.287206591893107,-0.6164213243950517
2019-01-24,-4.89020346709413,-1.264650786024378,-1.1107993361208461,-0.5834140239813741,-0.7460842484923449
2019-01-25,-4.867053005227882,-1.2998330060502474,-1.2882989507438303,-0.7796061051036685,-0.4551690218522988
2019-01-28,-5.2885232854890125,-1.3873100153553202,-1.3933563719406763,-1.1331706906026577,-0.21234715257803785
2019-01-29,-5.029958484679783,-1.416588619121757,-1.6803201185524232,-1.2310642124748286,-0.1989264614051348
2019-01-30,-4.7219818282327735,-1.4326596216912115,-2.034875795973272,-1.3972247834315874,-0.19838634497507357
2019-01-31,-4.1781167848866,-1.5079661890088916,-1.9676302063931534,-0.8646361065425897,-0.4782552850511766
2019-02-01,-3.7756104794943206,-1.3324301378197045,-2.295792031477545,-0.6273099477075923,-0.6849589494048112
2019-02-04,-3.6817181189970127,-1.3887634064283967,-2.3441911944756093,-0.6603717508312382,-0.8175692149700338
2019-02-05,-3.84177261290336,-1.6543651454436776,-2.5101551627886476,-0.5363631571215116,-0.7944528444839863
2019-02-06,-3.6717938297887933,-1.5651841873471568,-2.196102891870568,-0.14740495214124502,-0.9903849431198491
2019-02-07,-3.4185087329533075,-1.42514046061638,-2.616145547120585,0.006824268078010385,-0.9486385772484721
2019-02-08,-3.2924388149087442,-1.376971013552973,-2.9101476733429243,-0.6362212105806518,-0.5718361139306383
2019-02-11,-3.4504312811532336,-1.3341712948699649,-3.057163661057849,-0.7541544814683336,-0.49952305389016033
2019-02-12,-3.3711162335151164,-1.2397009529643488,-3.2147822698023876,-1.049278387649875,-0.45723299137169165
2019-02-13,-3.3037427305031617,-1.3524544673881036,-3.294010500647204,-1.0447732840379613,-0.4133316180004427
2019-02-14,-3.3057025459807794,-1.0919200673992233,-3.369106280307282,-1.3781272737124315,-0.21423642954520783
2019-02-15,-3.126404308486499,-1.1721842703845806,-3.335753135757342,-1.7984433355530793,-0.05807533215770546
2019-02-18,-3.0650543597334305,-1.0463644501820635,-3.641945263639517,-2.3340883296932176,0.24906734732603908
2019-02-19,-2.9569150732215532,-1.2514885257147235,-3.796309037019909,-2.501169212662195,0.3261525280774427
2019-02-20,-2.854980489610736,-1.2476580200319385,-3.419086009041194,-1.8847760685006185,0.1754169306655898
2019-02-21,-2.3511212812902818,-1.0398085516914861,-3.458215097558554,-1.9253895357821664,-0.0392754536175911
2019-02-22,-2.468156500715055,-1.090009997008908,-3.094492804462433,-1.764852248324368,0.04135402687820379
2019-02-25,-2.5470325094971105,-1.2054521696367666,-2.9078025683097697,-1.3752145566980574,-0.19222923719515833
2019-02-26,-2.9809154059378082,-1.130567898481899,-2.6957870796748735,-1.4072728045085061,0.09289988153077279
2019-02-27,-2.7726078235383413,-0.829121131621412,-2.702556541016375,-1.8092863099111636,0.48980576449859875
2019-02-28,-2.5564782069956173,-0.7860274880857379,-2.642332404915382,-1.9783177015206554,0.5665127980715432
2019-03-01,-2.12061804458558,-0.8111039704307983,-2.724241625009142,-1.8368779505693151,0.23654227153363017
2019-03-04,-2.1434554596884388,-0.7270027759018037,-2.634877986220751,-1.8754670672385705,0.17309942345947987
2019-03-05,-1.7193881605907981,-0.8344508114697351,-2.3495431271248077,-1.5044641813104789,0.07405814536691134
2019-03-06,-1.5349951024408575,-0.8713669358230894,-2.138200135420208,-1.3296249663856246,0.2009686183554828
2019-03-07,-1.3884271400851689,-0.9076888222457696,-2.2438967509369396,-1.2819914132693144,0.13151610784911652
2019-03-08,-1.4205803894482956,-0.8676364181664366,-2.2850120261239235,-1.286974910907885,0.13862133924170753
2019-03-11,-1.2441927699959345,-1.1715544487866985,-1.9435687720173722,-0.8771659647093456,-0.18159238648728565
2019-03-12,-1.220061477338088,-1.3718898744920192,-1.6838595749426721,-0.29646175941939085,-0.2600773962364564
2019-03-13,-1.5072921711459295,-1.8597578303028852,-1.3762817624773782,-0.18171606249361721,-0.2756130141802958
2019-03-14,-1.5569643388630017,-1.6999681641649362,-1.161551632324435,-0.025741835274202044,-0.27637983757146106
2019-03-15,-1.6081162138248215,-1.7739681790686643,-0.9847132729882163,0.1251813469255371,0.05300514704950621
2019-03-18,-1.3321895610204828,-1.698689804356735,-0.8088409808366257,-0.032554293556832516,0.15351339687559806
2019-03-19,-0.9871124098215532,-1.5785880832511332,-0.9337827870331666,0.07489796842178932,0.0678011635565782
2019-03-20,-1.1433264206843514,-1.5704127718105925,-0.8136126319400221,0.06953507222295541,0.0332824161789017
2019-03-21,-1.0995461804432838,-1.6446827544805322,-0.7663964629056044,0.057236218912500934,0.07258021354387206
2019-03-22,-1.3267170947064866,-1.6253726506227872,-0.8259059867675979,-0.1045474533512515,0.18618067937723987
2019-03-25,-1.130429290395985,-1.5153478873843769,-1.2573844170871509,-0.5943992955407513,0.5311404734795439
2019-03-26,-0.7940908124756733,-1.493472782061563,-1.0453943105660097,-0.22536187056439705,0.3990380796593867
2019-03-27,-1.0856811295142903,-1.5598233767457794,-0.8637729254407274,-0.3010227877143071,0.617462023276503
2019-03-28,-1.0209217179410977,-1.4948696697645147,-0.5071888309490225,-0.007037711121251484,0.36943498626026017
2019-03-29,-1.0473919693168119,-1.4564645282728037,-0.3764778825018906,-0.015301976153959103,0.3614931460060023
2019-04-01,-0.979976561718807,-1.4686925818602197,0.10575808371252238,0.24434877129459273,0.5898679405722551
2019-04-02,-1.147747783243019,-1.6792656496343958,0.2236621556867695,0.49048550006755204,0.5539626396875584
2019-04-03,-1.2226254759234707,-1.794761799630374,0.33088350309929365,0.1554095503681831,0.8748117291305773
2019-04-04,-1.3434815089995515,-1.768569463643903,0.3863148949649402,0.0528670577416471,0.8826599369455799
2019-04-05,-1.0423430308363346,-1.9032048892432996,0.65773793832702,0.11457984195920196,0.9648108313980059
2019-04-08,-1.0411603273244063,-1.6728213144451307,0.4451427385170908,-0.3014867994637556,1.4370660092182999
2019-04-09,-0.8039248489315357,-1.7432326376846934,0.44734308300671327,0.007023391564142978,1.46567774551946
2019-04-10,-0.7689338562496042,-1.7773243232594156,0.501077530758868,-0.310007643756049,1.671687718404055
2019-04-11,-0.7341544333891681,-1.6082170111403766,0.5235750805085003,-0.3418570523882096,1.5604386060128033
2019-04-12,-0.7818906664491856,-1.7146203452860276,0.7464364704715225,-0.08188018905043522,1.3986768887503451
2019-04-15,-0.6952555280727809,-1.6568169040028757,0.954016030619483,0.17525513323617556,1.472784383992977
2019-04-16,-0.4308455740540838,-1.7349689270701767,0.8917499966620526,0.12654636574678263,1.2052487545130346
2019-04-17,-0.4192383875889887,-1.7694958522830548,0.9242199390078917,0.10222072753905936,1.228332634332578
2019-04-18,-0.11438232907925205,-1.5097102892125778,0.7178261519714583,-0.21172448011841252,1.380902675889167
2019-04-19,-0.15970674482623132,-1.4439364168732611,0.80204984453739,-0.1867316618656527,1.3639120810896188
2019-04-22,0.14144237195804749,-1.2730592622588193,0.265425814362951,-1.001453306752162,1.7142940322338875
2019-04-23,0.22747793128838908,-1.0560507815953084,0.32098719939736564,-1.1683220279457776,1.8798065047482058
2019-04-24,0.6563263462785035,-1.0116477103300714,0.4558135310276913,-0.8843910505254767,1.6719755465518162
2019-04-25,0.4555906929959897,-1.131184407126858,0.30255693948754203,-1.0958777443681285,1.767654936049315
2019-04-26,0.6156446995597782,-1.28323047190414,0.48212949194056964,-0.6905377791619891,1.666141231629526
2019-04-29,0.6670490998686237,-1.3223933654273148,0.5642336149085533,-0.752712363634306,1.6647483101121234
2019-04-30,0.728899050683051,-1.4593589855181992,0.7004477234835442,-0.9605826234093099,1.8884708070204264
2019-05-01,0.6885073199053444,-1.382108486719639,0.7658219339011306,-0.9182359606571612,1.8580932612918293
2019-05-02,0.60209774993449,-1.4563829363950687,0.8207725326457389,-1.2352931644599434,1.8665805479857591
2019-05-03,0.5180324632690233,-1.689055736939573,0.8295880598205211,-1.2079712775292557,2.0259104527135836
2019-05-06,0.3257575742989859,-1.6313302916557768,0.9774094503497545,-1.5502964306728868,2.382257427058227
2019-05-07,0.07253919471175373,-1.5032180288179915,0.7106803868770373,-1.6861724358984735,2.520103542045956
2019-05-08,-0.09353251569804182,-1.2937398447334503,0.7475633283613775,-2.277010671524909,2.6017945988684232
2019-05-09,0.07775958271084604,-1.0709804095389042,0.38672551304225933,-2.528323309468871,2.5595541547394633
2019-05-10,0.10281308496617579,-1.0245823402091483,0.2960526856177295,-2.8072103472760497,2.5931985136661244
2019-05-13,-0.3345893452258112,-1.072576363220065,0.210723881150555,-3.0478604453464198,2.789129204064534
2019-05-14,-0.06360726237458975,-1.1070574751040643,0.2613697158068773,-3.0395524498445234,2.648134427277328
2019-05-15,-0.3166640929800656,-1.361905424255997,0.21557163267765228,-3.127811524283604,2.7618638338000077
2019-05-16,0.03163144703661031,-1.339208778062304,0.3161963226170189,-3.044789883342311,2.601442769015108
2019-05-17,0.4276007434138773,-1.2589182337047329,0.49176117520123225,-2.6645870914169887,2.3408498018929778
2019-05-20,1.5364083159688704,-1.450529151430553,0.7670048697823416,-1.6313518468212687,1.5737399124806861
2019-05-21,1.3844621628014022,-1.4344328844217265,0.6600426845317687,-2.0841715547887376,1.9060666912794564
2019-05-22,1.2397437032940286,-1.5057609439840607,0.7652675394303523,-1.9610758498790912,2.037292357537103
2019-05-23,1.2934376269543923,-1.697406609729957,0.23591111629028008,-1.831585521217442,1.6580045681273292
2019-05-24,1.5419954665861284,-1.8965595002193134,0.5005410674493991,-1.1080943762686006,1.2198857935717926
2019-05-27,1.678511107472976,-1.9816445619103968,0.6736442026356984,-1.0167461627913552,1.2499059327703366
2019-05-28,1.7139395512810052,-2.0247262953333895,0.7701023461205919,-0.99593124101272,1.2909023818213712
2019-05-29,1.5771686979113668,-1.8994424723019958,0.7084594624489943,-1.2316057431803704,1.4280200192265198
2019-05-30,1.8398035916699282,-1.8226849458044838,0.5955916754401794,-1.1315825232602108,1.3203419378356713
2019-05-31,1.6371219645079886,-2.020115833001722,0.4818260544038999,-1.0826257097979834,1.4923595350055483
2019-06-03,1.9345985296807868,-2.064095119445529,0.521884114986581,-0.8323159172009909,1.4382032201179926
2019-06-04,1.7417546632415033,-2.1824233897963143,0.5291120123170405,-0.8887264745303227,1.448023684240442
2019-06-05,1.6572948379191808,-2.0298649341423256,0.5763734724042373,-0.8955682884722048,1.3778195330121243
2019-06-06,1.1590292893397514,-2.097935066065273,0.3957267328045229,-1.1493344654614124,1.5164830776186908
2019-06-07,1.0587043723744975,-2.0387350841923864,0.43748332441057824,-1.0425261261622274,1.3523123135058184
2019-06-10,1.328825008715513,-1.823396158027395,0.3797129704752188,-1.0439633294511514,1.2804244260603326
2019-06-11,1.4729434024516073,-1.8838713199775108,0.38808082278251543,-1.005259039837757,1.152426114846473
2019-06-12,1.4433789671430954,-1.837645138090954,0.10431707270062035,-1.1140493535134897,1.2110234970993525
2019-06-13,1.5964480890118922,-1.987722468111766,0.00846742710454141,-1.1986518497705065,1.24742904069224
2019-06-14,1.469670967774433,-1.8210514882928797,-0.15853965961093916,-1.5742746639256915,1.346618120285446
2019-06-17,1.1146687077902013,-1.9040917954909626,-0.4072328565711315,-1.971201379108569,1.581896029299543
2019-06-18,0.9216550443090428,-1.9947107419945218,-0.11259138254564162,-1.8028776536590643,1.6553209696460351
2019-06-19,0.5111633477314547,-2.1906486836322676,0.10498869890714915,-1.4724226209341578,1.5135601381151478
2019-06-20,0.3886474710015224,-2.4793104790560068,0.6804371959197717,-0.8518778305474061,1.3030136696871126
2019-06-21,0.12438225547372325,-2.4304957471402626,0.5182106704904743,-1.0542733783977376,1.3305140118558458
2019-06-24,-0.03669541219778656,-2.4139115320783096,0.5057788735634765,-1.1078373752974204,1.3252919659275866
2019-06-25,-0.28746415478223664,-2.9360682934627014,0.6759284625860182,-0.5932599936752201,1.0856753749980328
2019-06-26,-0.12626165644592488,-3.0211101074598696,0.8329260368514511,-0.5146187322087991,0.9845337974789145
2019-06-27,0.027851045682209613,-3.030557099195513,0.8218334793448593,-0.58286598092659,0.8818825173265592
2019-06-28,0.17287210487157445,-2.9101811268756714,0.6844116190987772,-0.8710814762880085,0.9871429818516609
2019-07-01,0.5413543494057794,-2.818674932185053,0.624504905065972,-0.9285479274072985,0.6845869374250806
2019-07-02,1.2804491682017776,-2.5818136607158526,0.13140125903675004,-1.3657175256404677,0.7613647236881171
2019-07-03,1.2283001652208871,-2.721204237593436,0.18335656838919598,-1.1843773975607255,0.698767641658481
2019-07-04,1.4383163446620852,-2.686676368825606,0.11246069747232905,-1.2512029388108497,0.6780229016791438
2019-07-05,1.1521076346469543,-2.54564768153518,-0.4302169251027813,-1.7857578708745194,0.3430048660188072
2019-07-08,0.7931599437781309,-2.401018720560225,-1.1397682853802127,-2.4370045490849788,0.4971770742931982
2019-07-09,0.796193652381164,-2.520250949764189,-1.1220431886838043,-2.434398093324493,0.5042323602516455
2019-07-10,0.6118406313803594,-2.638164476553894,-1.0805035771694729,-2.5789905286929886,0.6215197989230231
2019-07-11,0.547601053035896,-2.842072975956576,-0.9470887516798033,-2.0618687915079312,0.40866325696758854
2019-07-12,0.623279110621649,-2.703419732381219,-1.2377765275572081,-2.195493918469457,0.339311599518581
2019-07-15,0.6901405799674238,-2.6328143850060552,-1.4456557024372214,-2.047842501566669,0.4899756549924092
2019-07-16,1.0176442465319493,-2.532677194853438,-1.5666980564256883,-1.8500353859433187,0.42984429876485664
2019-07-17,0.758335401291312,-2.6362702037219425,-1.336606185125974,-1.6535178589193817,0.29458821101021554
2019-07-18,0.012652736534075887,-2.7339851054996136,-1.4835250203441934,-1.5703854397338333,0.185129975515769
2019-07-19,-0.39088874610717983,-2.8215466466277683,-1.669574576958793,-2.0578076712425846,0.3017815314945527
2019-07-22,-0.4258233697463902,-2.608515353157519,-1.6187936742827023,-2.193587518320596,0.5871830208908042
2019-07-23,-0.36042055145783014,-2.455372693803142,-1.5833744129437413,-2.279233612030784,0.5919636020472695
2019-07-24,-0.8164265866697679,-2.556150002984896,-1.6044418653157753,-2.2666605088786804,0.3706444403016575
2019-07-25,-1.0104114910869544,-2.5257960975013187,-1.757454893260322,-2.122390830392051,0.24542525503795154
2019-07-26,-1.1391276197725164,-2.5352126019657564,-1.6116639240412325,-1.8174332734429137,0.13249388480726615
2019-07-29,-1.5669875736152379,-2.6722861353586276,-1.593193385008207,-1.8756933454909825,0.20598040803788709
2019-07-30,-1.8313235929618752,-2.640247289978001,-1.6958017973105968,-2.1630415486612224,0.2375009728470365
2019-07-31,-1.7872074387363366,-2.68793155188947,-1.5440710060198553,-2.0209793304488097,0.17642074618687728
2019-08-01,-1.9527866723590688,-2.5190328528131185,-1.9872040955153583,-2.442546252605403,0.2620515429273053
2019-08-02,-2.1270073134855787,-2.781408301712768,-1.9470862047023276,-2.2602438354145695,0.4608692654446702
2019-08-05,-2.4225882315126634,-2.6074367661670155,-2.1670120006596654,-2.642349669887492,0.7483528463457211
2019-08-06,-2.1742936840604092,-2.456299184177699,-2.4831954470934154,-2.6028465732324304,0.6535484204345456
2019-08-07,-2.504368637495076,-2.292419603136643,-2.620926222289739,-2.655691912062396,0.8037614790954124
2019-08-08,-2.0998799214747064,-2.2779516878563015,-2.3693074461126593,-2.210578122043221,0.6385169836526428
2019-08-09,-2.184718422088165,-2.563916284082126,-2.1461993205989423,-1.8647406981843753,0.4692935041169743
2019-08-12,-2.1971762914678497,-2.5831821617341593,-2.2761231871586216,-1.869237865657421,0.4776366735779162
2019-08-13,-2.6516707134013817,-2.610418407362275,-2.3404196867295486,-2.560055118690141,0.5752298139403198
2019-08-14,-2.503177527396127,-2.769302673306232,-2.5308263070203836,-2.1450054879385663,0.37932655984134994
2019-08-15,-2.5720500691932418,-2.6962160074234385,-2.5752112306414916,-2.1284527970738942,0.359003590254879
2019-08-16,-2.4482183529825594,-2.631292072414974,-2.5721427103280097,-2.287420296589281,0.22400811217201963
2019-08-19,-2.321514582676025,-2.709802566780884,-2.5710121896578015,-2.3901820831988267,0.2854121157910226
2019-08-20,-2.9114063657764664,-2.6576200011881115,-2.4867047314025696,-2.228298361227654,0.1158627114555017
2019-08-21,-3.361479446006331,-2.883009154230541,-2.567013513934178,-2.340413312297799,0.22259562487024617
2019-08-22,-3.7992210350020446,-2.745045920885513,-2.733316929244947,-2.697454932282246,0.5219138665746978
2019-08-23,-3.8168806451168917,-2.7461038537130285,-2.6755570833779174,-2.3305417209952592,0.5594390030822857
2019-08-26,-3.286962248403837,-2.834901191163317,-2.6308763232949475,-1.8454791192150648,0.301542121895943
2019-08-27,-3.3597643645355495,-2.9067936492573185,-2.5760973119164676,-1.6068343572954613,0.05976793002766502
2019-08-28,-3.49614724333416,-2.8900553295054574,-2.682700222854816,-1.6602263863912614,0.3402213946698276
2019-08-29,-3.6370199765573994,-2.6819898102571518,-2.8196748244329424,-1.7699468482780938,0.4294314666402949
2019-08-30,-3.364348149641159,-2.618216517017988,-2.7972848350402897,-1.577559146398437,0.28363473528190575
2019-09-02,-3.3670555458364526,-2.613598553326023,-2.803499289887171,-1.5823537556702538,0.2817351738004376
2019-09-03,-3.879518891533146,-2.426519318957537,-3.0775246225188932,-2.2027209415015485,0.6158164009318369
2019-09-04,-4.101542578083297,-2.6767105745283906,-2.7400858761229636,-2.0673187835110505,0.4823258114196677
2019-09-05,-4.340781100861462,-2.6636626418881306,-2.4232370392626383,-1.7678258625783816,0.5364596185578941
2019-09-06,-4.122474136372722,-2.6415109407371955,-2.324180275732397,-1.6262057000606924,0.3309737817651025
2019-09-09,-4.289591977261574,-2.8986778443548453,-2.1172370828336766,-1.3063284455213784,0.07471172803382037
2019-09-10,-4.342939536980011,-2.8414197566264363,-2.0470824911613548,-1.328095147900578,0.06819409131013324
2019-09-11,-4.2065586281308365,-2.9167418997670054,-2.149107343751424,-1.1124138348448234,-0.0799069087328321
2019-09-12,-4.172766783136067,-2.7602494214313342,-2.431271043714397,-1.3053533681641563,-0.1038275611459956
2019-09-13,-4.199573976340311,-2.8181198407770376,-2.2929778091772803,-0.8811228422982006,-0.2874988495083101
2019-09-16,-4.333764528327264,-2.9605153194953946,-2.1255145167376,-1.0665409989745727,-0.12671677096957185
2019-09-17,-4.770605402103406,-2.3704135464974745,-2.304553335599262,-1.5615560025834803,0.06526728187968735
2019-09-18,-4.66175963269076,-2.515984052502222,-2.373289063665352,-1.340982000760584,0.008395873006928196
2019-09-19,-4.9829258158244265,-2.4136428079828756,-2.579307468896731,-1.622463707338633,0.160612422340967
2019-09-20,-4.118316546870783,-2.7667207663141524,-1.8497684388371576,-0.0043007093337685725,-0.6418868526174422
2019-09-23,-3.182646046163192,-2.8524334999743473,-1.5776591605725108,0.5379595079319272,-1.1924819524905137
2019-09-24,-3.476934081531089,-2.7725320645608327,-1.3871157917453483,0.9193937297421843,-1.089701413702967
2019-09-25,-3.3573860978662657,-2.4329738979183486,-1.7859244817282849,0.14048246935072348,-0.8220044619149149
2019-09-26,-3.2094791020113984,-2.4841312834807203,-1.6398308131855,0.6043741406305415,-1.068683507490882
2019-09-27,-3.9010160687402804,-2.687101387336725,-1.3944680634162259,0.8134027211854357,-0.9319999060122447
2019-09-30,-4.403182692519123,-2.7277534634793614,-0.9400598943289704,1.029830169417477,-0.8848431300560098
2019-10-01,-4.548852130120966,-2.5163562635183645,-1.0549061137375717,0.3675100891207854,-0.7298684761438694
2019-10-02,-4.558061087022643,-2.5578019909762273,-1.203834744110734,0.417450618230032,-0.6895467571935212
2019-10-03,-4.64702277076868,-2.529520369144508,-1.301120552484314,0.35088009779798174,-0.5789568247893399
2019-10-04,-4.982965606496966,-2.3531991294281913,-1.1389916783276601,0.1330411537777921,-0.15986193356610043
2019-10-07,-5.658722848409432,-2.547564074988297,-0.8665031924690055,0.42279700722768326,-0.12131754865840193
2019-10-08,-5.762431972176139,-2.3692981481723336,-0.6225968867757621,0.35069992109060266,-0.19344269570983846
2019-10-09,-5.821128909662087,-2.65825390984925,-0.32639600246326267,1.1294581189487443,-0.49246828773784196
2019-10-10,-5.900181786302324,-2.4289459426915387,-0.2936845934833582,0.7549857858559063,-0.27659653555239255
2019-10-11,-5.263941352097076,-2.308955514806593,-0.1955914319242297,0.5506853216462751,-0.3449831846857718
2019-10-14,-5.116592546897452,-2.3117065865718973,-0.1978541254477644,0.7506405585925506,-0.5042186442506428
2019-10-15,-5.045702302915553,-2.305813631737667,-0.19934302256763867,1.177460881374012,-0.8307911635443564
2019-10-16,-5.285404988957238,-2.391038213583398,0.09430319218303568,1.5263526862271084,-0.7562136406302928
2019-10-17,-4.6817712915684675,-2.275850173984586,0.21594719317427083,1.7366385139226876,-0.9720178689197898
2019-10-18,-4.593498464047191,-2.3433164933020834,0.6416602381774641,2.032729088479425,-0.9069615753875054
2019-10-21,-4.525878741289252,-2.3927104260008782,0.6270918778467249,1.9984204032303672,-0.9127954232399369
2019-10-22,-4.599637955303624,-2.3971869835225084,0.5344874144716149,1.7367298503220354,-1.012904934554875
2019-10-23,-4.526195626973945,-2.3941659807634106,0.6291514496447079,1.8016328695097488,-0.957200633831431
2019-10-24,-4.409834952098669,-2.4266034125853273,0.41278170521849344,1.6733130986563338,-0.9145255723489034
2019-10-25,-4.182712589450709,-2.3231191674546237,0.2747959415321864,1.5778774341222375,-1.014305256013171
2019-10-28,-4.115425663741163,-2.329367762849723,0.5310508794766211,1.424759661602758,-1.0424201014185672
2019-10-29,-3.565458774511527,-2.2039012810159715,0.7500732937494369,2.0103409188316923,-1.1890763751786013
2019-10-30,-3.3935884865555055,-2.0812134970148315,0.7371423610033533,2.0574333249496273,-1.2376887892491975
2019-10-31,-2.8451940056557903,-1.9360353697067487,0.49051016479313686,1.8602175842962634,-1.154936514973318
2019-11-01,-2.902198154825007,-1.8786776608636202,0.6095694685919562,2.081185820862448,-1.284224017502204
2019-11-04,-3.0972922408903183,-2.047136569068039,0.840870260119364,2.3932217851467716,-1.1524862117127277
2019-11-05,-3.276023288739665,-2.110781069390963,0.8547081402295328,2.2508075204695084,-1.33181622943984
2019-11-06,-3.2273979790177507,-2.0807672639002224,0.8856775547163674,2.4966043414838275,-1.4700946804722654
2019-11-07,-2.1411443871238673,-1.6702193680551618,0.6431141204863962,1.7857529332273445,-1.5349649186797267
2019-11-08,-2.154076410981777,-1.6286920963739135,0.3305907318506177,1.1436486993163197,-1.7225004068358105
2019-11-11,-2.1835815398888103,-1.6072587785100527,0.32034382850054155,1.2044150117671717,-1.8072136561010959
2019-11-12,-2.2068424663766364,-1.5889651199738417,0.26613365934006805,1.2177706633200354,-1.8142719800361882
2019-11-13,-2.7033193915495572,-1.5985926211875612,0.2491189810431632,1.1033435367203448,-1.6754220692664417
2019-11-14,-2.419033121529846,-1.3668701030476937,0.020955242405783007,0.9673036448023713,-1.6933434288978837
2019-11-15,-2.5458348609670653,-1.5835323132575991,0.14103215447902737,1.0810962597482199,-1.8156297566279525
2019-11-18,-2.6040432844325476,-1.5950822077426094,0.2311501023863083,1.1021932087306814,-1.6895862205949554
2019-11-19,-2.801342098234208,-1.6495626967111372,0.4053695271695525,1.4107591954551386,-1.7369657572849166
2019-11-20,-2.6483217191674338,-1.7080426416188499,0.6852098980883652,1.6622369485320716,-1.6601102495339133
2019-11-21,-2.6218180941584834,-1.6051051620391896,0.855016355479358,1.3782496680889145,-1.4593193091572652
2019-11-22,-2.3090463627334157,-1.7011409276494605,0.6857305676848984,0.9135193349805797,-1.494454432097594
2019-11-25,-1.7398133013883303,-1.6844080340171903,0.7040099829063404,1.1892386198429614,-1.735425277089695
2019-11-26,-1.8242684440608263,-1.6292390244978368,0.7047229030396942,1.1111054403455,-1.7775639452186445
2019-11-27,-1.735638470200795,-1.5673003596174861,0.9209542381484711,1.3976403607000132,-1.7717248528519698
2019-11-28,-1.4363782122671087,-1.61808982791937,0.9242251193213809,1.4447924859383936,-1.7233194146872648
2019-11-29,-1.4911973290954286,-1.6250565647980304,0.5044515753783428,1.0297244658179523,-1.7408708577485839
2019-12-02,-1.6193936564934857,-1.6543663114561666,0.5211946105739681,0.9508081403815207,-1.7297188562444794
2019-12-03,-1.4743231977970266,-1.552815432683829,0.30787916014462474,0.6019772090631682,-1.6002326585066584
2019-12-04,-0.8828139250132543,-1.350415603006953,0.32935581949064086,0.5720600873335334,-1.551256949698313
2019-12-05,-0.5672450880818887,-1.2751043310015848,0.1619681792707605,0.3116353399180277,-1.4185788930274597
2019-12-06,-0.6746197429169526,-1.1216051273590866,-0.0008556926486814971,-0.10830633141308983,-1.4879195903043168
2019-12-09,-0.6378829774396773,-1.3426779467605887,0.054828053375942404,-0.24172071914797055,-1.3397129472721727
2019-12-10,-0.5302656828701694,-1.373739098685432,-0.46548495657335115,-0.723915314619742,-1.2020013288633533
2019-12-11,-0.037825586298890525,-1.2413155692712416,-0.36411109365804667,-0.7697498274645643,-1.1630067428488018
2019-12-12,0.17865139125914073,-1.3698746973497062,-0.10163352431165952,-0.5448478234337207,-1.2199926046103586
2019-12-13,0.7816355988698571,-1.252541736142655,0.1670383854097866,-0.33458399030419644,-1.2593121144410584
2019-12-16,1.06553136123912,-1.2052039808474468,-0.18354116105925955,-0.7099293365417074,-1.0012606647798223
2019-12-17,1.1822898304183982,-1.2347127929055348,-0.0388840551831931,-0.4141920900320467,-1.0775760487533241
2019-12-18,1.394452482718477,-0.9595827147491188,0.04130269952644109,-0.5178609389555379,-1.1787570794120088
2019-12-19,1.6726618701947862,-1.0265790016993945,-0.12653730563432433,-0.46606269456630034,-1.1390453271831098
2019-12-20,2.016599092539674,-0.80145068857374,-0.13830672764054489,-0.8586052591506561,-1.1653116691584284
2019-12-23,1.690487364207249,-0.9522460143944783,0.10662930260125077,-0.7029791453038033,-1.1803746104197175
2019-12-24,1.875329158843612,-1.0566080280874273,-0.21029521513155477,-0.9334685936594028,-1.122334023521196
2019-12-25,1.8222442533298437,-0.9843286894750662,-0.18247682890381586,-0.9359892954277222,-1.1510516790114302
2019-12-26,1.1770007840561794,-1.1438500414376622,-0.04426905105938472,-0.838306250202302,-1.163411491599349
2019-12-27,1.4426786607403503,-1.3338281836319223,0.06834910258450183,-0.44784260889421623,-1.1815458376376589
2019-12-30,1.8477016924613665,-1.0672444217328665,-0.1618566580243832,-0.58396917356877,-1.1949344909009976
2019-12-31,1.5871552305116046,-1.1309300560723654,-0.18050225947419143,-0.6409938368296104,-0.9282430752222667
2020-01-01,1.6002600364240311,-1.0159559848183521,-0.0751735882601186,-0.6036686942228073,-0.8324127302215335
2020-01-02,1.9927495997174398,-1.0942310863797517,0.0279156067007299,-0.3933378399782027,-0.8905131627643612
2020-01-03,1.8220611582505997,-1.0049165409702638,0.027079584665218953,-0.5772692979169255,-0.6102113846702245
2020-01-06,1.414657117591366,-0.778995768478591,-0.2459504276587808,-1.4940470058990556,-0.14900093774396908
2020-01-07,2.0727328136032375,-0.7498910538089865,-0.4522878592233207,-1.6102481256066736,-0.07959336958520204
2020-01-08,1.8350097221140318,-0.6453116270477797,-0.8979809454491329,-1.657526138885803,-0.2662037326453675
2020-01-09,2.2265979013447983,-0.8934252143917825,-0.4504156066117221,-0.9044518308053546,-0.5890285524013221
2020-01-10,2.282841239900009,-0.9078274324827404,-0.2078841365399037,-0.685707538127718,-0.5663371953899087
2020-01-13,2.3771269042725742,-0.7841613531532309,-0.04994440871601898,-0.4286182414321092,-0.6652093402347612
2020-01-14,2.519983266277401,-0.9449902124423918,-0.2418896394864538,-0.21469220962522814,-0.7806161233691348
2020-01-15,2.353519750253319,-0.9688994066064266,-0.12409243325562626,-0.0636368675347565,-0.8379321609601009
2020-01-16,2.638491506744009,-0.9315218850819165,-0.2335635287014096,-0.11461049734154323,-0.5661890164240645
2020-01-17,2.720100734042416,-0.7853525450407876,-0.32037671414912056,-0.1919705666070003,-0.6320867782992504
2020-01-20,2.1939409100647165,-0.8489703805861744,-0.2922542594859948,-0.4498904778189374,-0.5591435466050872
2020-01-21,1.9682512712895208,-0.9565920105926874,-0.4618019869195427,-0.6828171082680311,-0.3892691609943618
2020-01-22,1.554472938457807,-0.81854896423885,-0.38414741699477123,-0.7082131711750703,-0.27783174337596195
2020-01-23,1.6440278253022766,-0.8922873525327112,-0.29503533651813985,-0.24298883181604747,-0.20501210093874717
2020-01-24,1.9284024866760165,-0.7174876416939723,-0.7501700435752438,-0.04750239685949101,-0.4185142969797568
2020-01-27,1.6360765480994879,-0.44301572105123316,-0.8730258154334374,-0.4195461314364684,-0.06608514582705795
2020-01-28,1.4870312369376546,-0.3135983153346335,-0.8131685146163494,-0.7043286689838018,0.025857299478566124
2020-01-29,2.0870098310897225,-0.3312700686336673,-0.932363231792064,-0.6124478808004638,0.09461450436169094
2020-01-30,1.9531848187155654,-0.22770360719652305,-1.4454029842867322,-1.1144573624326997,0.1474949088874756
2020-01-31,1.8847290953396096,-0.014028790241994882,-1.7244422667465362,-1.5697882450241956,0.21997153924401427
2020-02-03,0.7805872794130502,0.08496407937213454,-1.7673283440039276,-1.9596628033181946,0.18910521230743724
2020-02-04,0.9492408215188378,-0.1574511970246633,-1.0955385258287968,-0.6723359774489769,0.14488294516104502
2020-02-05,1.1249468011185777,-0.505022245989565,-0.8572515917456323,-0.264513643362112,0.05770930859742076
2020-02-06,1.3305925721449807,-0.6227560423109396,-0.9743366185619606,-0.1561206774453365,0.07390672167685472
2020-02-07,1.2136260283748577,-0.5599863339837894,-1.1180976500887612,-0.09474369858506941,0.24578713198202923
2020-02-10,1.1329307207709363,-0.387504791213851,-1.4105406345816458,-0.5297553516954497,0.485735098104992
2020-02-11,1.3728835093071583,-0.5428120943330325,-1.2849820428229741,-0.382230987926929,0.43546576389885777
2020-02-12,1.697166923652235,-0.5192734904729539,-1.0375173007409468,-0.18253191260052454,0.40268151396288965
2020-02-13,1.9339684275836007,-0.4008252426403772,-1.295949048988906,-0.36966045556091376,0.5069142858904611
2020-02-14,1.7238251774950368,-0.24699247690641524,-1.3713829260647408,-0.6301967749208949,0.8478803912397854
2020-02-17,1.2591117491627197,-0.09628181437077854,-1.277438625376779,-0.6923192404211445,1.0323277141563822
2020-02-18,1.1232425475418601,-0.17472992253279077,-1.3578536633036367,-0.7654470033220516,1.2254914826343155
2020-02-19,1.3987308315376625,-0.2683523886348403,-1.0426166898995197,-0.31478151543089733,1.0674866723057317
2020-02-20,1.596905157320308,-0.30264532283709267,-1.499421876967824,-0.615095196394422,0.9740379374046031
2020-02-21,1.529955380465268,-0.1927168570754059,-1.6889082810308793,-0.5503832988468398,0.9072180732406853
2020-02-24,0.8089507815646042,-0.08735764660178308,-2.044569781093302,-1.4700260932887788,1.3582408116866382
2020-02-25,0.7020527009400301,-0.04964766851137482,-2.2271084865947963,-1.5448197020713945,1.3785904418283605
2020-02-26,0.33303393198614,0.029672576945619467,-2.427689794277254,-1.9985950764242013,1.4594982746767726
2020-02-27,0.03269198374544896,0.05548650954185575,-2.432669010283117,-2.007312906208256,1.3972473834237573
2020-02-28,-1.2745749865910372,0.09659731326644631,-2.9070296325848557,-3.564410322923234,1.7695380337072866
2020-03-02,-1.4863434887018052,0.26277562527058057,-2.737540164726465,-3.77173568657171,2.2827702559971534
2020-03-03,-1.2831519680063828,0.11490453863348694,-2.4179907268271834,-2.86790481040817,2.3078411849301808
2020-03-04,-1.6245926338861154,0.31106094614365565,-2.4618866605026675,-2.894182503496357,2.5881300651038774
2020-03-05,-1.7875946582342725,0.34604708797419076,-2.5587690314476887,-2.6227496016046623,2.4462187833152225
2020-03-06,-2.7200305626913317,0.45738520207541383,-2.947263013045447,-3.378635423525573,2.9151358932180464
2020-03-09,-3.690490997720613,0.3381491140756923,-3.5058413337748764,-4.572725882572725,3.269311689411039
2020-03-10,-3.661333324665501,0.3116166908179185,-3.4948011833300385,-4.603661994929,3.2645162658095885
2020-03-11,-4.069116745609771,0.1859819633733222,-3.3513652244587897,-4.465664267473883,3.158825949607436
2020-03-12,-4.574754496850209,0.29630741460433635,-3.270497115141806,-4.741918834299279,2.9344419910444297
2020-03-13,-4.188832924272108,0.4262096758432628,-3.041138194752047,-4.074759134005164,2.5974119397965745
2020-03-16,-4.862293289943106,0.34671355394542785,-3.2345328182314232,-4.670587953225432,2.7821016717330957
2020-03-17,-5.320982004029877,0.20755413122451577,-3.391195327712888,-4.394484793681435,2.7418281127690216
2020-03-18,-5.799066858561504,0.05300502737934617,-3.0800651807562756,-4.283248966930017,2.51359832155214
2020-03-19,-5.5516940019601595,0.26358952278322856,-3.2762015247409164,-4.534948977061445,2.8490732431273385
2020-03-20,-5.001611655212326,0.48792136774258504,-2.961726376879169,-3.730736709652939,2.590240648250511
2020-03-23,-5.630183783870062,0.3500846873548099,-3.6375153196476524,-4.507131640877732,3.13620656887217
2020-03-24,-5.643669483755386,0.262660698383471,-3.6537438328755107,-3.96229348538165,3.411543636473953
2020-03-25,-5.6786320002340425,0.1350172275369563,-3.1410618633333156,-3.287666983638679,3.0426393913751637
2020-03-26,-5.424526818126635,-0.026630259835472913,-2.910916193150391,-2.7473826683067863,2.8350522778851412
2020-03-27,-5.470468932356212,-0.013649174354833865,-2.995049874486459,-2.7365609150236363,2.7255247089955104
2020-03-30,-6.12188323853571,0.0931191865652701,-3.079046119841077,-3.0399096595849,2.811359193229727
2020-03-31,-6.033355888334774,0.0718274697381483,-2.629483053348105,-2.387241060224145,2.625564581425354
2020-04-01,-6.695395958581938,0.04705563070262817,-2.8042832927699983,-2.640220049314342,2.622289337962317
2020-04-02,-6.825968582966957,0.09322612974814641,-2.8545465331669733,-2.5879960067876326,2.666804307755755
2020-04-03,-7.297290114048521,-0.04422402920291553,-2.776698322041984,-2.40223820138719,2.682402767021224
2020-04-06,-7.272740703559396,-0.20709558002481235,-3.0926603445121645,-2.187045535340544,2.8254777494592775
2020-04-07,-6.5498476294835335,0.18789692311803782,-2.667475680028987,-1.0894201351561543,2.5266858270314616
2020-04-08,-6.8265784463734445,0.18203711501445607,-2.715243339994127,-0.9803452585261905,2.4996275773822565
2020-04-09,-7.231400884862233,-0.07975517861841203,-2.1311115766434896,0.04151305710683358,2.3380400919146
2020-04-10,-7.2988678723338385,0.015029160034707065,-2.097919443868766,0.0347052930139148,2.3023676482694277
2020-04-13,-7.586849811658509,0.2923318189280591,-2.061051479516469,-0.11401942189674837,2.3535171475764107
2020-04-14,-7.709156475831662,0.4305507649208856,-1.9930075282535196,-0.07280471150361108,2.338602078796479
2020-04-15,-8.0014221789263,0.3930472938633004,-1.9030947457285032,0.28748477826420504,2.243647644754188
2020-04-16,-8.216328617640478,0.6149398253067307,-1.8488992630840246,0.4751515630571363,2.0377169660669487
2020-04-17,-8.961046247312133,0.06505875923047558,-1.428525314492692,1.3974868743694326,1.642363575755483
2020-04-20,-9.221072360513654,-0.05443404151486125,-1.27656902616102,1.5493001905128823,1.9344065963320274
2020-04-21,-9.157797909865469,0.5062598186528474,-1.6305512132044315,0.9875876124614769,2.2892322416751445
2020-04-22,-9.131942649263292,0.4752737202676724,-1.489078334706755,1.3998241534762221,2.2863354135353267
2020-04-23,-9.01625911761188,0.6873199994095208,-1.4330397914011679,1.4904776162818176,2.253314882077268
2020-04-24,-9.80340649768727,0.7037858102750448,-1.0464047609812903,1.5818353586799418,2.074273109761406
2020-04-27,-10.755854059147202,0.2622530202187956,-0.3068164763624352,2.337944820908071,1.6849262539317946
2020-04-28,-11.168466434562752,0.19561012995135682,0.003544361721257513,2.50948928173488,1.3731926129204945
2020-04-29,-12.727229242550406,-0.9306188697539978,0.7009660029715683,3.7999548070419573,1.0804181387092127
2020-04-30,-12.124478159123312,-0.6326556426239539,1.1473552535101113,3.9169829635096547,1.224721877374809
2020-05-01,-12.181716693287036,-0.5794980787446345,1.1628017753090887,3.941412878713201,1.222333413848479
2020-05-04,-14.333393610642794,-1.1402247847844027,1.694354189154882,4.1762090400286205,1.4045353791090207
2020-05-05,-15.029830981574854,-1.3237750559751338,1.8352277547209044,4.507080325865821,1.46317984069409
2020-05-06,-16.073192825234045,-1.7516802391308708,2.2160105876107603,5.353761979276644,1.3573014455602785
2020-05-07,-16.725392333354826,-2.113316682231896,2.3374221771602337,5.581250086349,1.2875664425184463
2020-05-08,-15.703730153488499,-1.5544350853457252,1.824688014395257,5.084809777796439,1.6100536277844577
2020-05-11,-17.95865836937661,-2.4807192264769533,3.1202628918112096,6.5545901521440015,1.2614310331418217
2020-05-12,-17.926314952422334,-2.132053799160056,3.1245978391269222,6.504848677604391,1.408761450757857
2020-05-13,-17.067424371335296,-1.9247488482514221,2.954042669425646,6.030520439181603,1.4341288545072075
2020-05-14,-16.833330989777632,-1.2518172393929214,2.746898157360811,5.419528049744029,1.3195934412629895
2020-05-15,-16.89739761852117,-1.373372417666226,2.5489579282246,5.437541171901927,1.3666364478465018
2020-05-18,-18.00150037114832,-1.4133902975261736,2.735641073327876,5.665139243098256,1.4988962405309114
2020-05-19,-17.23003558999149,-1.1169669321291755,2.2281299645822075,5.319772032380026,1.612984362144789
2020-05-20,-17.376596476623547,-1.158577241305933,2.38439088007147,5.74705890522326,1.276624169329703
2020-05-21,-17.62703628355615,-1.1433344388517246,2.5415161448856423,6.189327701266818,1.1122549449180663
2020-05-22,-16.28437173139222,-0.2755885434629471,1.6054330122302438,5.454095665684903,1.6538876485068823
2020-05-25,-16.26579351608232,-0.3059042212934623,1.5295696522540736,5.425791126028085,1.6554984004469329
2020-05-26,-16.645155101689607,-0.23223879975508452,1.8650769140922558,5.777789111665184,1.518859877248048
2020-05-27,-15.765209429913899,-0.1127965655344744,1.4843345110897337,5.7458800046461445,1.6761562087454
2020-05-28,-16.081102112111303,-0.007264502935286987,1.9843807529749136,6.274272697763755,1.4811411832704726
2020-05-29,-15.960578440486312,-0.033847809364377826,2.1217096842511682,6.599427349742015,1.3235143111971162
2020-06-01,-15.45274371901414,-0.1159494988021554,2.098383676410718,6.713959596498445,1.2235841621197432
2020-06-02,-14.807067580606915,0.019215189152809262,1.8945497330490044,6.473225427049794,1.2094717379067006
2020-06-03,-14.672273943626758,-0.0004661303405304333,2.078219661865706,6.521171653951717,1.1003668068709391
2020-06-04,-14.862650204513958,-0.03480335158117128,2.0048948698925075,6.891676741439224,1.1872250042111159
2020-06-05,-14.087721880669598,0.18860565110382496,1.7909971213593538,6.65414372452537,1.0188747670742158
2020-06-08,-13.61014510757277,0.32266192558408796,1.5924098127811919,6.417568016411874,1.1474495259222128
2020-06-09,-13.925034074306307,0.40036552962840954,1.753260103608101,6.6117879739520635,1.0643376562342395
2020-06-10,-13.534752929273312,0.6155366013059406,1.7122320270150986,6.576115177988104,1.0467434110292655
2020-06-11,-13.205348399426377,0.4968176873470547,1.0933696775249506,5.885182050688963,1.024673938300114
2020-06-12,-12.671864250301727,0.6628372387445698,0.8830756991419035,5.712370518031385,1.0432401009372374
2020-06-15,-12.235692937213475,0.871703456982931,0.6453407729711745,5.2087155195338735,1.4721714810847533
2020-06-16,-12.936579048677602,0.7066864534367101,1.221693730810686,6.02116551932231,1.4628501989288725
2020-06-17,-12.893553871743002,0.8359606998031053,1.2856965725974752,5.994297907040078,1.5237253586928377
2020-06-18,-12.105668808254833,0.9954003269544525,1.209616498170476,5.87607265609011,1.5281834632370337
2020-06-19,-12.284165803138483,0.5327400290452856,1.3972127965009453,6.526956834610615,1.4274105488732678
2020-06-22,-12.09546113379436,0.5779744205973016,1.3928770519892186,6.729437382552881,1.3676848732726865
2020-06-23,-11.827874283679275,0.6682770675592019,1.6859684698838224,6.9654264111115785,1.2115153051585026
2020-06-24,-11.800396710581175,0.5723666055749898,1.479843446100427,6.653518874368813,1.1643615019578442
2020-06-25,-11.170100185006447,0.6994244578044553,1.1871459839405287,6.26145054111266,1.1396095080512394
2020-06-26,-11.364993999767606,0.4870683804054354,1.342163075776806,6.694207308488835,1.0303599290771632
2020-06-29,-11.53924542510917,0.49346124132580566,1.3998253968176575,6.678360253882664,1.0456385286377814
2020-06-30,-12.008770748156948,0.3892865367406806,1.775955911049276,6.9613586083540895,0.9033937380894753
2020-07-01,-11.620746902405756,0.5827866224973238,1.7985652137974006,6.828633809046913,0.688206178909121
2020-07-02,-10.851778750508686,0.8627451529834355,1.4618777807194394,6.766013886777913,0.8305986653334944
2020-07-03,-10.357385312081309,0.9280862594640369,1.3072019574555298,6.690658559788015,0.780555540444658
2020-07-06,-10.382113789750077,0.8371525915524473,1.6060737155331348,7.058209678918479,0.6576445292397181
2020-07-07,-10.096804649504296,0.7878569133730264,1.4200898927866568,6.9709106651759765,0.6358656008119962
2020-07-08,-9.125559936849244,1.0503166724887678,0.6019267837524712,6.259239035209542,0.8363675981785831
2020-07-09,-8.525250521585512,1.2154129902814055,0.4601801132468111,6.051590470024302,0.8025764088337098
2020-07-10,-7.94826877425107,1.6678130290315458,0.2977765449430989,5.632430537953533,0.8397730749652995
2020-07-13,-7.273766400674335,1.7180581810691986,0.027241925107811316,5.402620544762974,1.1074481494696586
2020-07-14,-6.372074073960739,2.313697051734689,-0.6825916516704096,4.398969869753019,1.3894709695726462
2020-07-15,-5.905664544268025,2.5062808176775637,-0.8551403970669542,4.18740494675677,1.397143539863968
2020-07-16,-5.988120856165058,2.4731017886678894,-0.5318296459990525,4.496103254222978,1.2060852320610753
2020-07-17,-5.354662420276022,2.226158614400266,-0.7721792659313755,4.456927834300644,1.14509733038134
2020-07-20,-5.226348871588218,2.2693252108305084,-0.45953257307290296,4.477611236468671,1.1400559579178922
2020-07-21,-4.608820984734426,2.1196883443380923,-0.8814770120739763,4.509534203537894,1.2711553669829534
2020-07-22,-3.570078646866181,2.47812369913695,-1.538278956448451,3.945939076039722,1.6751515787303732
2020-07-23,-3.5659330014423882,2.2754636122896237,-1.51913381045729,4.285195499080533,1.6868865266072635
2020-07-24,-1.752003693740067,3.317462376967562,-2.3573317612074964,3.054616245531614,2.0711929027331566
2020-07-27,-2.420680632004568,2.8761007487603907,-2.327120823695405,3.4352735053866215,1.9296108449347402
2020-07-28,-0.6836911409381984,3.46282155395415,-3.065622113119754,2.6038577580018996,2.1340595705579473
2020-07-29,-0.28930596938551517,3.661886494464742,-3.339874578464349,2.3344128749940647,2.294450843662034
2020-07-30,0.8615552843390851,4.48422525211996,-3.654479655158828,1.2451358053136055,2.4195343005008083
2020-07-31,1.7876852147198115,5.007226430441367,-3.8039901005673413,0.47139305215102206,2.4168145364348455
2020-08-03,1.0486266383408451,4.348385714127386,-3.7895488097762304,0.8666823315760974,2.3987459463901497
2020-08-04,3.860842228792097,5.511013667191535,-5.048733755333949,-0.6567616778832394,2.6780610055246483
2020-08-05,3.4732925285666054,4.973092978889433,-4.976149679717028,-0.25852636327038314,2.4162983980844426
2020-08-06,3.0169544811753375,4.490936033689795,-4.672797690286219,0.4670887163801846,2.2199155571084632
2020-08-07,2.651545568797446,4.225233144432551,-4.368136756171402,0.881157406238989,2.358967801033836
2020-08-10,2.583056740724653,4.263317352240231,-4.20756457609667,1.187136799425689,2.2581630976763596
2020-08-11,3.316293363178721,4.529914461496292,-4.299289049633842,0.5760937436656091,2.0191687277888613
2020-08-12,2.9154467587221924,4.038236375927683,-4.204431106583514,0.8524475878365264,1.8549316433006506
2020-08-13,3.801537207387587,4.606609391302064,-4.3813042569473,0.2962872460517001,2.031875283429845
2020-08-14,4.16063842047436,4.550891901415603,-4.8118470283574055,-0.20381411935225113,2.2640706307667093
2020-08-17,3.169635785731221,3.6496937814962407,-4.166203475465049,0.6600864763722993,2.0079910881495713
2020-08-18,3.474071870958526,3.5226642098129113,-4.1464312878118195,0.6114906432127668,1.8278051624193876
2020-08-19,2.6994901333538137,3.2715037756802343,-3.4835723650401804,1.1323933657225316,1.5171881073944196
2020-08-20,3.251325877447535,3.2499133357299925,-3.8296875833147737,0.5798288799492276,1.4993734523011282
2020-08-21,3.373763152420773,3.1678922587510066,-3.8413779548195492,0.755346501342566,1.6193972525445415
2020-08-24,3.4032083437804292,3.2554399354609775,-3.665016615036683,0.9729411946268487,1.5737737472156768
2020-08-25,2.7610823689720827,2.9852051232315233,-3.3187548404339897,1.623799601715306,1.5358553465326994
2020-08-26,3.0657050764537956,3.1667404410368527,-3.327596707238164,1.6922363584774123,1.489648526051316
2020-08-27,3.9525961586115343,3.396144863932708,-3.6892572416476845,1.2389797995346539,1.6479153922378615
2020-08-28,4.091713288932112,3.261775123210178,-3.6052685011541517,1.3460115599203404,1.6489450234391254
2020-08-31,3.8140394461782967,3.124398917519546,-3.7102428596942887,0.9146453031030368,1.8150140896856637
2020-09-01,4.422446776000405,3.1364664889829235,-3.9724589057614796,0.7080378631267766,1.876068911282655
2020-09-02,4.361009202861932,2.85866222224328,-3.8203938602249377,1.0443189080296922,1.8785686747617372
2020-09-03,4.428848747008887,3.1350786269543685,-3.699949841127458,1.2085236395315966,2.0079330218163842
2020-09-04,3.9764847002608072,3.0315889651292416,-3.759303526141447,1.1353636704211263,2.056656512635852
2020-09-07,3.4070373525050806,2.8400705002634212,-3.444729224018386,1.5978468958194636,1.8539635155029908
2020-09-08,4.707550429431928,3.3045032750026477,-4.421852289259834,0.5679486906008586,2.0828069112822036
2020-09-09,4.8597065716859325,3.4812002811812035,-4.593643584042188,0.5659799806115052,2.18920653122892
2020-09-10,4.860112592505443,3.4445743418856627,-4.350261766690183,0.9946572678559379,2.2005114356543034
2020-09-11,5.1196682802105,3.7066282305254123,-4.37114823307618,0.9810077300439635,2.210262077554092
2020-09-14,4.855321029603326,3.4300828822523126,-4.262679531310058,1.239133534028071,2.3214993577510334
2020-09-15,5.20526798315999,3.54416528348575,-4.376137738392547,1.0684989651826782,2.258774171695578
2020-09-16,5.406494664703062,3.5619124389622563,-4.436667066596919,1.221793154463195,2.340449024952845
2020-09-17,5.274877255253841,3.6709178855493105,-4.512089340231602,1.3211067335836753,2.4482779283978577
2020-09-18,5.72913785586728,3.7458891934024456,-4.714323469300308,1.0436704861794484,2.7021583176248583
2020-09-21,5.665007234533104,4.17091298177395,-4.950367543990408,0.37984342235972557,2.9236764912434703
2020-09-22,6.294200225359622,4.36881110092045,-5.4071915751106125,-0.35365259877419225,2.9267420991876727
2020-09-23,6.2999232147299296,4.380919988620859,-5.22776197226692,-0.5936222700922625,2.675277830667759
2020-09-24,5.654998601730579,4.095441178611522,-5.2975401377589755,-0.8577636934783933,2.735736461766381
2020-09-25,5.574745143340927,3.9473438185359764,-4.834867901537584,-0.16375515245911365,2.7358491129756524
2020-09-28,6.1371983875609875,3.8587928743447457,-4.849142757046561,-0.1307782789723671,2.633394682539708
2020-09-29,6.250158227807719,3.8184105890647335,-5.163668927852072,-0.12974428112829575,2.9321082707916797
2020-09-30,5.909631010123568,3.722383220051246,-4.95565641098653,0.1890249931687381,2.7874042838286766
2020-10-01,5.713404862373163,3.4860925079159393,-4.668151553228082,0.6663559068699864,2.7364017512071155
2020-10-02,5.739760167090522,3.519389097807855,-4.553114130473948,0.6265162467479966,2.6947345270010303
2020-10-05,5.631814042876228,3.4390591227305114,-4.438281373892661,0.7711052280627183,2.6436479761663967
2020-10-06,5.511724456080923,3.266867530612299,-4.3086968878141345,0.9942397612195956,2.3750156431801064
2020-10-07,5.204264637972289,3.4052819231948854,-4.05626956342195,1.1528443036120883,2.118266004780921
2020-10-08,5.318186156553547,3.297301068505489,-4.175483766232041,1.3089992389375038,2.259135427206006
2020-10-09,5.51416579853259,3.0261802052054168,-4.393595418965658,1.2452936003393573,2.211121822610312
2020-10-12,5.447300923331583,2.9579772341924877,-4.467647351056612,1.3281312371082827,2.217391251918938
2020-10-13,4.837134289470849,2.6663180613990916,-4.132172568051266,1.712079054161442,2.1190959348008866
2020-10-14,5.201360155933477,2.734805656783983,-4.32908156508922,1.412244325670499,2.050259985295276
2020-10-15,5.070477770641845,2.8026560873903383,-4.399216774875623,0.9551178729493033,2.136452621443776
2020-10-16,5.560722449063076,3.0077480851513436,-4.540273603413575,0.8691726911109919,2.1761192058464878
2020-10-19,5.18433827645814,2.770158687021646,-4.154969029988083,1.2085790519886535,1.9303480377030593
2020-10-20,5.44476928647536,2.876764865814852,-4.3162161551152485,1.0012793350989213,1.8977261646126544
2020-10-21,5.294280650691339,2.6258658361393996,-4.278186086018054,1.2104944785964429,1.936652862811221
2020-10-22,5.225612853227087,2.610321417135764,-4.236284836485929,1.1742198012048046,1.9121156919019682
2020-10-23,5.120138860071767,2.615604870087119,-4.07729190858232,1.2992919913673628,1.856710755603137
2020-10-26,4.640371057682844,2.625647363246338,-4.092315855641184,1.2469828827054545,1.887679754300745
2020-10-27,4.515734447194075,2.6352753767304966,-3.836304125225687,1.478038658688001,1.7730055595737166
2020-10-28,4.088824793476273,2.655101819046783,-3.703493093747515,1.3761892908124418,1.7849094676033663
2020-10-29,4.358182826271368,2.9152010956412653,-3.972254895253122,0.9179652511944323,1.9249798381929524
2020-10-30,4.126163547062087,2.7774148101559857,-3.829384896017537,1.0504351901182765,2.135258249110319
2020-11-02,3.998949742089726,2.8289343449866444,-3.774851067496645,1.1667202767937679,1.9921514305253445
2020-11-03,3.6695238253224653,2.532449849023304,-3.4576830149589055,1.550200675797013,1.9465950231938443
2020-11-04,3.53325306261171,2.697068098780263,-3.2748679241018945,1.695434065149294,1.9018983935359273
2020-11-05,3.5079330164864353,2.531957534704298,-2.972269580410518,2.190962817988043,1.7882256130863183
2020-11-06,2.7529791384758315,2.0270003153273524,-2.429316813141752,2.8277016199443126,1.5034524451712223
2020-11-09,3.1866672228465007,2.301098564946711,-2.4124407082180226,2.674309429661331,1.364830164751708
2020-11-10,3.276258172013679,2.1813020682022044,-2.4717892273334012,2.654234021107151,1.2772286309800807
2020-11-11,3.3439710678383765,2.145172664359325,-2.273051163202048,2.8262841909609198,1.221583328440053
2020-11-12,3.4241268767825015,2.2932843667718514,-2.383746802672285,2.7524344226264175,1.1685948138912128
2020-11-13,3.5979770002317593,2.228157625053437,-2.5534270094353926,2.7405790354498922,1.1497148265850639
2020-11-16,3.5982315839462644,2.2152651936372556,-2.520665065505123,2.7818977016917383,1.1746787562070118
2020-11-17,3.8968583661041976,2.2305782968348344,-2.487612896985365,2.7695482199954893,1.216660775203327
2020-11-18,3.961500314186765,2.2190182354495724,-2.499857566755703,2.62641708331436,1.0981530824713985
2020-11-19,4.193741513214736,2.3954172592725484,-2.6875043207578226,2.1857137977597563,1.1144199472809617
2020-11-20,4.974124689037362,1.1904350134009936,-0.33678548496331767,1.1610812247395836,1.6143364634833979
2020-11-23,4.9099017764232435,1.1138997639140689,-0.1260764814439312,1.254485349315118,1.5108126771054586
2020-11-24,4.693766636643793,1.2103206699642166,0.2834504032460442,1.4847654001466069,1.3592447681928972
2020-11-25,4.379848662256588,1.1903262837731488,0.34862426785135026,1.2755536944106458,1.4216917940818683
2020-11-26,4.382921691342438,1.0939341901233317,0.4011217342980383,1.6015220940168264,1.1987788926379246
2020-11-27,4.050094857594045,1.006445397644336,0.6616587445190485,1.792000744145484,0.9834754106284771
2020-11-30,4.0546178119679315,1.0635589315466187,0.7785215373275602,1.7279078888184,0.936165760676148
2020-12-01,4.19083568519604,0.9805824137363686,0.768921142248738,1.8532253232172722,1.008244618475466
2020-12-02,4.489740261603639,0.9043283660914212,0.755848311734595,1.6087022223038614,0.9391886906600468
2020-12-03,4.676929013480322,0.9890537255582892,0.612301730044073,1.5688674012545298,0.9105120449696104
2020-12-04,4.589088111319251,0.8255398388872491,0.8026012245806686,1.6382069630166125,0.8154650013712187
2020-12-07,4.696657213593749,0.6732713222427958,0.784531787020615,1.5451052245361858,0.8211253269678828
2020-12-08,4.950357086047756,0.6794732646311791,0.5690212254549217,1.2504734683672136,0.6779870628779334
2020-12-09,4.7077218298246395,0.41894927589563813,0.8357991007933365,1.3793772358756005,0.4754170728835205
2020-12-10,4.997441772913441,0.8626261452078194,0.6912483862799177,0.989595784963864,0.28016056257291394
2020-12-11,4.592649371778467,0.6485301258611506,1.01077811399312,1.3210692210293564,0.10447580579852432
2020-12-14,4.449859242674414,0.6525205240953436,1.177538457572886,1.3855812279909072,0.09270475621066411
2020-12-15,4.302314507160377,0.3235906200394825,1.2230398064652297,1.4842447855200278,0.3025468469710222
2020-12-16,4.391312674823617,0.2566714212715819,1.3017619033101846,1.5742391152839323,0.2628642947686741
2020-12-17,4.437062770807659,-0.06755745156359554,1.155316932033291,1.5394748800802216,0.3208556928859201
2020-12-18,4.490713687810369,0.03200265208487379,0.9465871972149924,1.6726211957674613,0.48787265647308337
2020-12-21,4.360095520186491,0.3942796605328118,0.4851017454021219,0.7906535431862612,0.7500735843647833
2020-12-22,4.607735496196074,0.5120363658879711,0.8097550190245086,0.6171053695077715,0.6617649022647913
2020-12-23,5.184386212433268,0.7057240584457356,0.7591906141431972,0.4001237548463328,0.4678042047027513
2020-12-24,5.235960191212656,0.39316020743582025,0.935082286185963,0.40417367646012053,0.2107514364405955
2020-12-25,5.235431638254278,0.3979600535823045,0.9799951506409513,0.4232557462850434,0.21640906539158464
2020-12-28,5.336472740392709,0.3965304512776819,0.9508811270908071,0.6927381873149846,0.3666678750597675
2020-12-29,5.303431186065683,0.4526856924133585,0.909939645515469,0.821989740092215,0.32162414622206
2020-12-30,5.572100585427371,0.4714692014423976,0.8729418436803358,0.7182115116420664,0.319885121514682
2020-12-31,5.732652588155155,0.4153361898891189,0.8714405303705237,0.674743365568715,0.3931691938947523
2021-01-01,5.703879746917443,0.40071529714321397,0.9087041209192819,0.699248078704332,0.3726207502478081
2021-01-04,5.682095023809537,0.29983241859530574,1.0137232508758716,0.9756149019655714,0.410265851575634
2021-01-05,5.779935326052143,0.32953929182196345,1.0563953375642754,0.8577741397686304,0.3396108579082749
2021-01-06,5.85194252553803,0.41724038285871734,1.1224802752254237,0.7872446872739052,0.39135563588378214
2021-01-07,5.9359619433811615,0.4935987426148239,1.3819307016935525,0.660950850756409,0.38099642037135295
2021-01-08,6.268603920455903,0.7493165826151649,1.676460224704048,0.49119119678911266,0.2876649640846821
2021-01-11,6.564650943986695,0.7850479381390844,1.5940227410752605,0.27960157249602713,0.3102572130944209
2021-01-12,6.630143218565196,0.6388018373504392,1.6085212677081788,0.21717313799905277,0.24703836432190232
2021-01-13,6.853058836772071,0.5912306450989153,1.5089971049251631,0.15304911605442245,0.29073072233577674
2021-01-14,7.138018096200337,0.6876981743091067,1.45461324226362,0.09107674673674994,0.5746293199838787
2021-01-15,7.367880214210533,0.7189279462362236,1.4421868206391586,-0.39921822320629247,0.6514889406591196
2021-01-18,7.509487759718519,0.8512311780956341,1.1898527032259074,-0.7955356621677923,0.7521735606450093
2021-01-19,8.042479139136347,0.8735977760741539,1.0999840085254344,-0.7450958797522087,0.6249257716308474
2021-01-20,8.150732792339406,0.7425905622401725,1.219520428705279,-0.6980380928723232,0.5910928874646434
2021-01-21,8.043084141547224,0.7295514180773146,1.178865352106406,-0.6841327440917416,0.6573593873670917
2021-01-22,7.9434105437762526,0.6655833598720208,1.140107314051422,-0.8448736754094628,0.624289434374167
2021-01-25,7.697337003078297,0.7627501929563218,1.128568061309526,-1.0391758520652201,0.548705595615065
2021-01-26,7.690338401676843,0.7943119110568913,1.1240007652386432,-1.035935596584079,0.5220481679868196
2021-01-27,7.489477569404698,0.8536130978189796,0.9687384989295568,-1.2657800568614042,0.4582513887310805
2021-01-28,7.5212439514052605,0.8396021173330072,0.8657137707175571,-1.5908488747487421,0.4743742381315646
2021-01-29,7.372258676439476,0.49428791687896867,0.8027119805932947,-1.7893170064241317,0.6951315527502299
2021-02-01,8.108236583137206,0.46643854126733353,0.8433981212731639,-1.382032354435857,0.5829940251959512
2021-02-02,8.470842514608021,0.4578870724022644,0.8123220782784585,-1.164343729840286,0.6560900322821073
2021-02-03,8.547406391270828,0.39913400321351167,0.9589421774066197,-1.14141185170786,0.5887065613239852
2021-02-04,9.194545429518143,0.8513717998721642,0.7819806452578995,-1.32620201797154,0.7526195015588302
2021-02-05,8.65006702507281,0.7384474454314202,1.1564472490389788,-0.9018815253488297,0.7545159361747388
2021-02-08,9.035875552645305,0.6538336874726669,1.1792716749623893,-1.1007765215347238,0.8203303928700204
2021-02-09,9.010132217277791,0.658649451873127,1.0720651320995058,-1.1671051276727455,0.8572275405288543
2021-02-10,8.999445421808728,0.5605847017340938,1.1326099310230742,-1.175015539971811,0.8448530817383475
2021-02-11,9.038574893159447,0.47276006134415527,1.2926148377326367,-1.1445709897129452,0.827555156609015
2021-02-12,8.863904825198764,0.34180617806960567,1.2600432113106614,-1.1082632379068416,0.7590180615501569
2021-02-15,8.791852253136172,0.3272036792660006,1.3642143187098335,-0.9970376358001042,0.7832369364163339
2021-02-16,8.843359274888632,0.394639307563974,1.360211829955056,-0.9105488335173217,0.9021555446159274
2021-02-17,8.786974924098754,0.15949049129845522,1.2341002438778645,-0.9456100406799358,0.8901611277708029
2021-02-18,8.620951768933574,0.12921901751746753,1.290235526916623,-0.941648093047764,0.9289902182528749
2021-02-19,8.64385574849291,0.1443061473492931,1.4020882848789988,-1.3780403811941662,0.8252796031802291
2021-02-22,8.61108239688457,0.19804085118287848,1.263381927667761,-1.7369388271179518,1.1515070476068079
2021-02-23,8.736018413291701,0.32639439846362533,1.4641672906136398,-1.7558003309673191,1.299809902692736
2021-02-24,9.234281325136326,0.36056642773775893,1.2331300740010709,-1.865985177484977,1.2895623528716487
2021-02-25,9.363558641663518,0.29677194895997455,1.3079999294950764,-1.9383080676141329,1.1965497127248055
2021-02-26,8.88997173948438,0.605154401557607,1.1740134001660043,-2.3184810013602455,1.4043159920571897
2021-03-01,8.903810818728253,0.4117805270904644,1.383622790562466,-2.1120735140087112,1.2203736563604186
2021-03-02,9.04071695746047,0.32493810935469425,1.450308013346432,-1.958148240597217,1.023091780352544
2021-03-03,9.330376292886033,0.4959585872305195,1.5647268170938595,-1.8894130475827298,0.9162496597154945
2021-03-04,9.21641891118134,0.3796624257483197,1.416218112725312,-1.8750140509359032,1.1258053571254838
2021-03-05,8.996448886633017,0.48314483800404046,1.4445938037325157,-2.056198242282854,1.1120278319184698
2021-03-08,8.875886350171344,0.40696620595439686,1.6050665645501052,-2.022588699723327,1.020757523121288
2021-03-09,8.987981143059239,0.5327200066641666,1.4000450887774034,-1.990733094240946,0.9552484172020513
2021-03-10,8.851417744947089,0.22184056547896835,1.6697849442040802,-1.6690371134011308,1.0034564795450511
2021-03-11,8.851586033243457,0.20454520930383355,1.8116079134119463,-1.6943947611320274,1.0301965117309149
2021-03-12,8.656073257607641,0.15294282829229117,1.8388191283280293,-1.8220530905859482,0.9599447355618048
2021-03-15,8.212677831172687,-0.004477773934636263,2.0022451404506496,-1.5953978959322834,0.902942587805768
2021-03-16,8.44533715853565,0.02621048546857915,1.8958965810373798,-1.8643676953926216,0.9025387184526465
2021-03-17,8.348009630895886,0.07303943018785189,1.6777473862580055,-2.196231733095841,0.8955023270079087
2021-03-18,8.490247914736129,0.16444036802076703,1.5086833808844229,-2.553915382994301,0.7585506082665379
2021-03-19,8.760755227810439,0.18879731412117384,1.770047407751448,-2.614749231707002,0.6846155942892351
2021-03-22,8.626899906577812,0.07884866713376235,1.6909451558948794,-2.2338332463672117,0.7991037567238795
2021-03-23,8.772190140311114,0.41691669825208166,1.692623843176723,-2.155221681636224,0.9640335328570867
2021-03-24,8.20029038999564,0.1333865931673215,1.727082775411766,-2.279155930205671,1.0125201287196794
2021-03-25,8.091656432453659,0.1785680024769427,1.5692024936841056,-2.6046479665734648,1.1423189372330302
2021-03-26,7.994291838344359,0.07420930195426881,1.8672845401895966,-2.371726095347177,0.9800217895521612
2021-03-29,8.02138707133858,0.08687124699221407,1.8866596649708658,-2.402039729010756,0.9461410469906177
2021-03-30,8.025798286746852,0.16075977129364852,2.109266839094207,-2.165848451763664,0.6777266956531934
2021-03-31,7.859878470785334,0.2972705606468989,2.0753569010837545,-2.276641144701478,0.6298968149229182
2021-04-01,7.941969180098085,0.2253342465622119,2.1545100675156514,-2.125532863988972,0.6334593711076465
2021-04-02,7.964665710830446,0.19096141743209588,2.0967134199433035,-2.1447280439930796,0.6398845797096052
2021-04-05,7.575004961232034,0.1840852852750611,2.06130091823312,-2.300136144497184,0.7385270186582794
2021-04-06,7.3969444064641054,-0.08359603369794835,2.10171477837722,-2.124715377049379,0.7737627345954613
2021-04-07,7.013478509029306,-0.2242067389475677,2.3163369305918398,-1.6786050089056934,0.6208724286978343
2021-04-08,6.719112074725581,-0.2656846479854864,2.421281966555637,-1.5735329950820438,0.6097209562427988
2021-04-09,6.564211651939696,-0.1772746550025526,2.5311443034298122,-1.6462853599499014,0.6140641418093564
2021-04-12,6.171573942957887,0.2611164438214845,2.210825128858211,-2.4612996787780945,0.6906332226781239
2021-04-13,6.336274498330197,0.0018579203163723382,2.275409203117719,-2.3996810256433023,0.4255883470157105
2021-04-14,6.290478092668849,0.10566505636918627,2.29976568429476,-2.409086324934765,0.3603228901943002
2021-04-15,5.907600043866849,-0.26126704317035715,2.597927106863876,-2.0534202002242137,0.34992420848917466
2021-04-16,6.090359215208821,-0.11706801615031977,2.6983827877085163,-2.0613954844140374,0.4816656751669997
2021-04-19,5.959517604427746,0.11165539871767483,2.715180828405316,-2.4953346144407336,0.6713337000144967
2021-04-20,5.9723889036498825,0.2822984100836065,2.559353110093289,-2.681800521226603,0.6236822328710544
2021-04-21,5.913954476352881,0.19884950488709877,2.2283503186057314,-2.5461646671345144,0.7271554676869039
2021-04-22,5.576627679775938,0.13161362134856452,2.414840970737425,-2.2085281105829617,0.6643422144029785
2021-04-23,5.100064336904263,-0.12587581712274426,2.7342706448027285,-2.0181868412007495,0.6209350992850944
2021-04-26,5.101493217436329,-0.24448353772367207,2.8106855958033217,-1.8754141278276273,0.7307454692435408
2021-04-27,5.163961569758383,-0.25313368380486506,2.7634613058390256,-1.7819289477360336,0.6312989571674125
2021-04-28,5.38126650772125,-0.24761697508242442,2.694794328772402,-1.6949897503218538,0.51547977254564
2021-04-29,5.116991767550623,-0.3100096817681342,2.945068767758691,-1.6122534379721725,0.532872217699958
2021-04-30,4.684132252276694,-0.31666841860961925,2.8381377994895387,-1.5666528620594198,0.6519554571667204
2021-05-03,4.559269913495017,-0.4381191504503465,2.878943115675319,-1.484710871436122,0.7252690337771318
2021-05-04,4.13669873004805,-0.6926010447349504,3.002057299990425,-1.4702952457100686,0.4905709580717928
2021-05-05,4.260922562896844,-0.4628047536773638,2.8416823816963137,-1.3655039607284782,0.43645165348381226
2021-05-06,4.228760982502568,-0.5915371785877492,2.951023251823163,-1.1754891121532638,0.31350019875691726
2021-05-07,4.171057308776303,-0.6109747844851497,2.975686957721185,-0.9766971397330846,0.23391601961244346
2021-05-10,4.324643329236689,-0.7524791929327795,3.066283253578834,-0.840873242844399,0.2307767341963263
2021-05-11,4.06110204940904,-0.7338047956873656,3.2140070482370398,-0.7929997254644562,0.16780587109835107
2021-05-12,3.713708040642337,-0.7415142917673099,3.4406657677464727,-0.7630670818474551,0.07436251763814274
2021-05-13,3.67688457340086,-0.6726770557697307,3.3364044176915773,-0.7727688701631751,0.029500231043507227
2021-05-14,3.8030597224170215,-0.6438670928423664,3.178810258730112,-0.9423527113831219,-0.012697446960248295
2021-05-17,3.8129442167241,-0.7185587226102514,3.064585911729559,-0.39645448942945904,0.11384382751163542
2021-05-18,3.8946100907188708,-0.8246798679139826,3.065294625594969,-0.17226872482967817,0.058549922577173875
2021-05-19,3.827513373553085,-0.907667181110292,2.8177120128956927,0.03472207922531953,0.1303385304875236
2021-05-20,3.5251672789641706,-0.8346339559826387,2.920668323666336,0.1732615374790205,0.12974183941451287
2021-05-21,3.51711838434991,-0.7358954959328594,3.027460677181136,0.48277463384610736,0.0012834596938370538
2021-05-24,3.797856160197422,-0.7004819764503162,3.089919753841025,0.3218675308366698,0.1562032283015455
2021-05-25,3.700836076929954,-0.8146618739670329,3.0675267616064494,0.43087294946075383,0.17764684273487033
2021-05-26,3.4028816946942513,-0.9127227946002073,3.410433028739167,0.7161619923376464,0.32325925980115267
2021-05-27,3.1587881036023973,-0.9725334214257877,3.500666549119027,1.065110254631301,0.22508328437197694
2021-05-28,3.0125529256884214,-1.173659037299922,3.4582798812532647,1.2478129777029077,-0.045592035529761384
2021-05-31,3.1548171285599325,-1.1579853354057952,3.424271802849377,1.2786107916598648,0.0035452261038628223
2021-06-01,3.351579444905501,-0.9138253813887861,3.4466636623255864,1.2455545405763546,0.1527747220471529
2021-06-02,3.314652605636771,-0.6531144793154474,3.380687788420665,1.3762305381094129,0.13684980522631926
2021-06-03,2.741773739071891,-0.7301246550053634,3.6976813798086963,1.8989409255559973,-0.09514108919485653
2021-06-04,2.784370886294211,-0.8538877792203253,3.5573592972266495,1.807928529535413,-0.09697773485966282
2021-06-07,2.8087471459627635,-0.915158679774975,3.537734117248468,1.8714587746391054,-0.028242959116099368
2021-06-08,2.964677028034031,-0.8433455733090719,3.385362990741932,1.7630723130485313,-0.056799468271501195
2021-06-09,2.775952121395207,-0.7682575428331428,3.3880231515397123,1.6428370846803733,0.02055453327184595
2021-06-10,3.1284735184477332,-0.6695311236385969,3.2506702671873824,1.5668638746577555,0.08861743599838004
2021-06-11,3.429769974477083,-0.571479472813435,3.0507209273146976,1.4316200961676222,0.2615096656956192
2021-06-14,3.443468959264631,-0.27084861936629845,2.9642338887785247,1.3969797976103093,0.42465483789933367
2021-06-15,3.0900713859393707,-0.5311832112410039,3.08056313690925,1.8759682075402775,0.5301576851973425
2021-06-16,2.607304229222198,-0.740718725415506,3.3450652169596538,1.886426676846913,0.3823874227290137
2021-06-17,2.454982503504719,-0.340268672104259,3.3298877271822094,1.583629171359709,0.17383312287946243
2021-06-18,2.5282856949879533,-0.26283022404201,3.1305306123321435,1.3867625404322115,0.3005084596177377
2021-06-21,2.691248152389935,-0.4734678546026561,3.101351706405318,1.4183971216521785,0.4233120176468928
2021-06-22,2.81715691865724,-0.3806332351390705,3.0194339990690433,1.4646368778989431,0.4001609349728112
2021-06-23,2.75908458948918,-0.34556663245241986,2.8369761868408614,1.3474921232773123,0.4150218079842595
2021-06-24,2.5210249590754525,-0.3942503310447667,3.018837887130264,1.6071487839791485,0.30385421000062796
2021-06-25,2.45270101444201,-0.5344313225707428,2.8771746239968725,1.8440056288484972,0.15940409059547486
2021-06-28,2.663133035648078,-0.46747614473618765,2.698983714702317,1.7090129535342458,0.22482568217845325
2021-06-29,2.4692999114407046,-0.4309056316597291,2.776299457609506,1.7628907030467358,0.32517491141524024
2021-06-30,2.3192993396264097,-0.2597794230589186,2.768072736260178,1.8139065913891794,0.23911911622927692
2021-07-01,2.2918042206602256,-0.12673053500176104,2.6403654696731453,1.9101235514455266,0.21104824938777433
2021-07-02,2.7119356798382763,-0.04496855593950282,2.144747179801044,1.6441548938553854,0.21748402865201913
2021-07-05,2.9459345624444646,-0.035628293941197896,2.016951755363704,1.6183321398494241,0.23864481398089052
2021-07-06,3.111558806631839,0.028386066551807185,1.9266125457165832,1.6234656266209821,0.44716012287343626
2021-07-07,3.2068090332504444,0.009263990868125356,1.8208633009972441,1.6862415825263743,0.5581654277098764
2021-07-08,3.0564718712486774,0.04272866566309854,1.87073132060061,1.4594623158183226,0.8197081847638277
2021-07-09,2.980817638079658,-0.12497430175380095,1.9709125007167927,1.554851735838066,0.7045059128306743
2021-07-12,3.3242745427592064,0.05361657509866394,1.6380327376451438,1.4306842471431094,0.6993621638774168
2021-07-13,3.6004114772304145,0.03607528305011978,1.3653908387356823,1.4239621855984879,0.5742384088444799
2021-07-14,3.6365676865158387,0.14751545822571127,1.2536243268018086,1.4161508076409504,0.4235988328496641
2021-07-15,3.549791618015029,-0.04536610668514029,1.2922216720135857,1.613408342955957,0.3603270403576952
2021-07-16,3.6067021661924317,0.10480911856007052,1.4788060182648777,1.4434211354284672,0.16562440285192714
2021-07-19,3.4871084082589547,0.3330215485745854,1.2054371268562805,1.3009112997226964,0.3398470499998091
2021-07-20,3.6099634682982553,0.626032649697392,0.8478877287317249,0.8336181845848312,0.29798225937479694
2021-07-21,3.690947231171895,0.537209563894109,1.044247684583428,0.8122339323744452,0.33945571890491666
2021-07-22,3.6462780900139853,0.4288247437082444,1.348971270127853,1.2435655033627424,0.18000580691874982
2021-07-23,3.533953605639959,0.30803438624552126,1.4517566117326732,1.3798087550315044,0.12562046602317972
2021-07-26,3.497595580041217,0.5382815317456201,1.5230864129273622,1.3271701460914678,0.2597533926417932
2021-07-27,3.652482921755827,0.4701506843027443,1.5020764151406771,0.8664371329145181,0.3217207597079043
2021-07-28,3.697054195503962,0.5401840683281673,1.44252611893588,0.6028715040912077,0.2936693324589988
2021-07-29,3.7756106446642934,0.5031077880132637,1.38467033092323,0.6863819245013265,0.33936516873653416
2021-07-30,3.8962045220717703,0.8682826606811752,1.7821807982760287,0.626554388964814,0.4171470383890291
2021-08-02,3.7135596968213287,0.8505706168256142,1.8544384668611489,0.9397181694324032,0.24687914004066483
2021-08-03,3.8693422025945186,0.7457577484570932,1.8979402269917294,0.9496826405571689,0.11024830202044328
2021-08-04,3.8750340884199326,0.7119396877625636,1.6843195799774728,0.9587766398711322,0.0790542187469944
2021-08-05,3.927763894621693,0.6860336550671243,1.67283249202255,0.9825265029877172,0.09684380819345381
2021-08-06,4.259322370798387,0.8870149535515927,1.5579134201714235,0.7053097865749356,0.25095801099166953
2021-08-09,4.264264633479678,1.1559942210570622,1.5858912619640997,0.479427654287433,0.06519600943122918
2021-08-10,3.921525063499813,1.0444632487576047,1.5459133683709558,0.5686229149449151,-0.09213472451225863
2021-08-11,3.892066271044416,0.8447787919426818,1.6956324048627969,0.5470288281372423,-0.01565023361412425
2021-08-12,3.969577590966101,0.6574010703208748,1.6902055116801091,0.5931983574309019,-0.118718495210372
2021-08-13,4.16165327024181,0.632851392861503,1.513235162722102,0.4677227374120091,-0.13476091211135455
2021-08-16,4.392916298321009,0.6531730068144631,1.345518214001136,0.2211580181493985,-0.1581808214677675
2021-08-17,4.205266422173791,0.5931332876451797,1.2470876503890451,0.3580058708419527,-0.13661936060908345
2021-08-18,3.943581086793079,0.5299139507943522,1.137278493987079,0.46753819124501994,-0.18444174532994279
2021-08-19,3.930438499429553,0.5921292644138342,1.1625991769972366,0.4676351383902892,-0.22147480406921377
2021-08-20,3.6827364324597047,0.612608591487328,0.9139100894579164,0.09373975932844474,-0.19178227377719062
2021-08-23,3.5877144940330146,0.5879583745076606,1.0504833615090328,0.08803608407644391,-0.1770973414916571
2021-08-24,3.9943440122684297,0.657449839684331,1.0424978366542579,0.09129572667758035,-0.10396900530626141
2021-08-25,3.8883623114311257,0.5438347963353504,1.0346870996692514,0.15415813658703015,-0.15029292264193303
2021-08-26,3.8558500885459,0.43048942127706014,0.9819383931791044,0.12181645166212378,-0.22510555936795476
2021-08-27,3.9361198952990653,0.5644586436950978,1.0701074651633018,0.13419975225602013,-0.13901376763282802
2021-08-30,4.293484144647256,0.5367745675308725,1.0108449515717606,0.2874756701991954,-0.07576803162446093
2021-08-31,4.729599656402429,0.6648120779154043,0.8344532016263739,0.08324632087447707,0.09583070438953818
2021-09-01,4.484538844321585,0.3838077111920831,1.193759419294151,0.3924073667914171,0.1673608995290288
2021-09-02,4.350303252898591,0.3917269743218841,1.4099083836192388,0.6476914660169725,0.11725767062224796
2021-09-03,4.465781158018087,0.34953141922835107,1.3402591945532503,0.7099394506632881,0.25101757188917695
2021-09-06,4.6265018456194085,0.38326670327103707,1.2673943865466577,0.5967660605529752,0.2799660767702923
2021-09-07,4.423991630438067,0.5208600452522785,1.3254983853662023,0.6034254848005756,0.10550653396812079
2021-09-08,4.34653719127288,0.3868903643394241,1.407991648470804,0.4804239917515806,-0.11720834421364411
2021-09-09,4.343837562545064,0.48414455301536996,1.3390098991989905,0.43572442213990165,-0.22826302772172183
2021-09-10,4.382842496912167,0.37477855089594825,1.3157669439177089,0.5109254798202306,-0.1492935586116311
2021-09-13,4.475721294458947,0.5706507476599624,1.3568437944453517,0.4235305412288833,-0.0604221272221253
2021-09-14,4.425393996057831,0.5537518800927804,1.336751422549159,0.5620332634576759,-0.16268613257115538
2021-09-15,4.550329115578419,0.6038947430671848,1.4512804930390664,0.49588818342945035,-0.19967773236908617
2021-09-16,4.751001139420063,0.8262839107360281,1.408954615729958,0.390181693912523,-0.31818159476550106
2021-09-17,4.636058310131674,0.8194787475534904,1.3613424464778037,0.13193227828996346,-0.40553126843768106
2021-09-20,4.400726268840775,1.0867047715474323,1.265118024816247,-0.25866139086313383,-0.2651573546292836
2021-09-21,4.6672970049351745,1.123462542588646,1.3522700168899449,-0.17448872622673053,-0.28980079685622523
2021-09-22,4.624831600230393,1.1932164324897916,1.4919421560732635,-0.06333405136821599,-0.2699255142940306
2021-09-23,4.433905218229501,1.2124760824397744,1.782610912784491,0.2062100240571109,-0.4317532844940518
2021-09-24,4.214563327947846,1.1102990165904685,1.9490767403948954,0.23391615541883873,-0.4089974047807395
2021-09-27,4.416175202497538,0.9831697990996927,1.9680409830955778,0.011508341323579658,-0.33230503369222036
2021-09-28,4.577105416758193,1.0487986479281974,1.8744008729050101,-0.2902630897606996,-0.15543959051997622
2021-09-29,4.241534832090102,1.1402511888724693,2.0522780878661013,-0.08300882736514757,-0.16961376126827943
2021-09-30,4.0838285559565115,1.2276781589547503,1.9215831471214668,0.06226156691083146,-0.1720335470396857
2021-10-01,4.063207618522095,1.3020065912818963,1.8721150959364101,0.09261978085795616,-0.3501247551403425
2021-10-04,3.8927608910082045,1.1493836467188387,2.084217128878998,0.4792423498843834,-0.5945156561604648
2021-10-05,3.8619885213888674,1.1695321931533706,2.092284772993475,0.5266388053165556,-0.6474848094187063
2021-10-06,3.892290512573223,1.1601771373176772,1.9323369997937903,0.11404879286687573,-0.449576583244934
2021-10-07,4.002639055987272,1.1680487874139227,2.1078618488694185,0.38005430190832024,-0.6103535658553426
2021-10-08,3.9722917644550746,1.1850135334328995,2.1752296327615164,0.4876370768745163,-0.631505969833018
2021-10-11,4.0296244018293255,1.1398616390585479,1.9908728137329361,0.5528560735877087,-0.5792432114822282
2021-10-12,4.192289618909609,1.271923707660488,1.990549260977148,0.5039071631041738,-0.6894042512256036
2021-10-13,4.334339343433906,1.2403512982221463,1.9416172820251023,0.6141303077846237,-0.4406884729063214
2021-10-14,4.376524063735493,1.1499155093150961,1.9341967521340033,0.6752222332147034,-0.525002256500223
2021-10-15,4.4297342624419445,1.173999720899793,2.0974019552614673,0.6018276782368432,-0.5759624010502492
2021-10-18,4.549463517918603,1.171687667359843,2.030897673231157,0.4973921646130086,-0.44429120245580456
2021-10-19,4.487817102066933,1.3339385964306656,1.9024540980540188,0.14388487869283775,-0.1680895155930361
2021-10-20,4.401577545636383,1.1827232903604943,1.8624467664011348,-0.09405820556126304,0.08492352814977958
2021-10-21,4.237141592633422,1.0226930708192739,1.7327247373092067,-0.03681156032311158,-0.08036855365991144
2021-10-22,4.207630433155988,0.7681147847538509,1.6589669853443405,-0.2109502797064066,-0.09515219041034377
2021-10-25,4.178064301970175,0.6563078102338166,1.4070178495494452,-0.20300239345716944,0.09808668675755734
2021-10-26,4.351021165335614,0.6704758935664396,1.4617478537940247,0.007789338537674682,0.025569411925192215
2021-10-27,4.5179653012502206,0.7655396196134882,1.3742711558112968,-0.13264818235052067,0.14830585472999194
2021-10-28,4.44072381376179,0.943194157768806,1.1838389742559237,-0.8298552783829312,0.4420262210135257
2021-10-29,4.52617795266669,0.9867109084385255,1.250780781350577,-1.0164624097734947,0.4377434883596993
2021-11-01,4.529192072639342,0.8846479170531859,1.3712458396632679,-0.5400548110037744,0.31368606353790873
2021-11-02,4.325112388966433,0.7545229583212592,1.5217374385774542,-0.3385976751387173,0.24022275665361492
2021-11-03,4.48214993721226,0.8035803830548273,1.466384281487859,-0.5716439358558149,0.18567141389929304
2021-11-04,4.682312662922965,0.6171611141088015,1.465424991058803,-0.4189583518571842,0.31379347053889695
2021-11-05,4.705833341892629,0.5203975275282331,1.4645857444178396,-0.417106340815044,0.38127593425362155
2021-11-08,5.069055752012238,0.4146047163598952,1.540150029913833,-0.4945830955297146,0.5724313798845729
2021-11-09,5.134901620816276,0.358745071624791,1.660987100068752,-0.53644415940496,0.5878300569802081
2021-11-10,5.1270481235797405,0.2946673632330382,1.591709470981562,-0.6671555115936504,0.6588316923891803
2021-11-11,4.913462822847398,0.148779917237739,1.528667014372668,-0.8185091982271241,0.7821441793272429
2021-11-12,5.054016396224729,0.05847913250905726,1.6454943905062935,-0.5455732962865094,0.8406817219431851
2021-11-15,4.937175549467146,0.09107078084101336,1.7952815025322435,-0.40628428749128515,0.8956873732972965
2021-11-16,4.803291672432333,0.25205089563009714,1.8373170573706825,-0.510794152187568,0.8650488553517602
2021-11-17,4.786559835210678,0.298222298616554,1.572963800419642,-0.607026473522019,0.9646872059943551
2021-11-18,4.941022769719332,0.3658420622527744,1.5077370263663594,-1.1511912119312928,0.9731027512110568
2021-11-19,4.945868276367552,0.38804500816905013,1.533375239842561,-1.1724313383132514,0.9583739753081423
2021-11-22,4.289481308231607,0.4577247375933217,1.7305611832666625,-1.6793299844758696,1.0979842339086014
2021-11-23,4.618567131756941,0.5406422365239364,1.8794588177924068,-1.7823926253570552,1.1793917813898411
2021-11-24,4.429524665617883,0.4970754546900189,1.8054634358978754,-1.742095308158103,1.2001761489409144
2021-11-25,4.549115781690209,0.3836083685605542,1.80293214222959,-1.6811667820437515,1.0786260010472168
2021-11-26,3.926769697677193,0.6899667361079185,1.2602236393492825,-2.182045318661673,1.6210749838718441
2021-11-29,3.867539383240726,0.8869780306153968,1.2534230606677614,-2.4645716279700367,1.6171200650440751
2021-11-30,3.98614287855842,1.135627252780349,0.9772711943838795,-2.7796988339864934,1.6604248466109035
2021-12-01,4.418658318632089,0.9696517227039279,0.8290814862531934,-2.7610467283775555,1.6547213937931353
2021-12-02,4.160114096811772,0.8000605047814774,1.2160295115507667,-2.2115097948634355,1.4872664370142927
2021-12-03,3.6621660152159383,0.6097581018248117,1.1870736197160348,-2.2163925015139236,1.6403705749041209
2021-12-06,3.2952150153192767,0.5497989857610355,1.10912513184975,-2.7936266796327507,1.694912753237657
2021-12-07,3.5043424875319795,0.4655647930087289,1.0860715746136427,-2.417022570263525,1.484106346725107
2021-12-08,3.7233637549704333,0.4025267139908324,1.279215905815285,-2.1110347730019483,1.2628477429065863
2021-12-09,3.7826826756116216,0.4986206645485639,1.1787985062679947,-2.0243636278360544,1.0929794110441255
2021-12-10,3.6936192972510224,0.2910631991391475,1.2568745776571408,-1.9973821291239127,1.05753555958834
2021-12-13,2.946648368165275,0.07742860368411601,1.433110096631622,-1.7961579081935672,1.0336865974616691
2021-12-14,2.587343182690999,-0.11715887433155826,1.4269065173096345,-1.5940688442186646,1.0743812708325262
2021-12-15,2.7072313281328224,-0.01827722717401857,1.266956483771261,-1.8169851013253202,1.2851540369687522
2021-12-16,2.6137019462112936,-0.12338428063562354,1.1160866702381655,-1.7491330277582182,1.2143289668873773
2021-12-17,2.222795139595878,-0.09951615399814763,0.7702288843575691,-2.1120895694652706,1.5245722479673354
2021-12-20,1.8763695934347098,0.02711856393316508,0.4739849988636259,-2.7358258132824074,1.9515343957977889
2021-12-21,2.246643870386242,-0.05814772710805567,0.6539898558421223,-2.6643880693835293,1.9012397721439191
2021-12-22,2.4018844951371676,-0.08270182130356833,0.8065530861334137,-2.3149696468619085,1.834581496226363
2021-12-23,2.3167319011260985,-0.18678162364222176,0.9296289318458281,-1.8516779247280217,1.7404694006035935
2021-12-24,1.9527904816234245,-0.4153764981529065,0.9533126161990265,-1.8702560983555137,1.808300460767514
2021-12-27,2.0870731919129746,-0.24015436328223472,0.9010375029066984,-1.9516338409854352,1.9373767243115942
2021-12-28,2.1486923364667816,-0.36711753573148737,1.0473062085108558,-1.6816994565215084,1.8952702830945662
2021-12-29,2.046437729845814,-0.4082992158498428,1.1020756533598215,-1.6630618218882156,1.974457359718836
2021-12-30,2.1064478141619967,-0.31479710155433627,0.9158888751954033,-1.8124380648834209,2.1170252757662316
2021-12-31,2.0369115481635878,-0.5225312217337698,0.8344099662426888,-1.3084311262330335,1.8850989526600508
2022-01-03,1.5438451086020186,-0.7112875815996802,1.4426516467465336,-0.6460370809143472,1.569484920512337
2022-01-04,1.7577579433971795,-0.821472115704282,1.3937290232776067,-0.4548279585374045,1.605607602875769
2022-01-05,1.7214620847190885,-0.8697498432213597,1.6165314249596765,-0.3983946552675718,1.4243173183367994
2022-01-06,1.5903892090927274,-0.759917852959742,1.7493325594472195,-0.7699245511371103,1.427882873735762
2022-01-07,0.7656472554732459,-1.0715842020926685,2.2540273264692487,0.002472655596181888,1.341866529484918
2022-01-10,0.6504434442550789,-1.0924330458414007,2.14343869542566,0.48221774798507744,1.0376291969944524
2022-01-11,0.6015312354435458,-1.1994414524210752,2.3107764172416827,0.641088250284702,1.2138793645901027
2022-01-12,0.8483192984079728,-1.4170624536072314,2.3100153146518827,0.7490479417334367,1.0241493616232198
2022-01-13,1.0544244886585674,-1.3561648943589704,2.1055169246563756,0.8485631626857516,1.048001403449522
2022-01-14,0.7748925438452026,-1.4442256054493723,2.296250944583921,0.8768751913303571,0.930709346689158
2022-01-17,0.5014541486396727,-1.5869561378581505,2.53665847653422,1.1214475519432643,0.8714872768735759
2022-01-18,0.5368648074416169,-1.5079944224386026,2.3139179065794466,0.5628616890175825,1.1054925526475547
2022-01-19,0.6484129069347243,-1.4911264728744558,2.0043328208672038,0.320086345837138,1.3149335953814323
2022-01-20,0.5535937869882915,-1.5861037211630449,1.9298810661998949,0.006010364072014243,1.3174238088673285
2022-01-21,0.3380540566593339,-1.5406869915693238,1.8908871864791779,-0.26863746414665224,1.2919877963147783
2022-01-24,-0.5588303567709965,-1.5461599167756295,1.6063310292969457,-0.8107042046110557,1.706421152611734
2022-01-25,-0.5323855486817539,-1.7335275077869075,1.7191298031546873,-0.2764831137941851,1.6057477469509331
2022-01-26,-0.5422949524984534,-1.652268543812513,1.8229272917249175,-0.35253729090304736,1.5326771988603558
2022-01-27,-0.720765494049569,-1.55871872289682,1.8477232237083967,-0.7175778067258453,1.2820382537138044
2022-01-28,-0.5036616250051293,-1.3287671686575346,1.7265860816612468,-0.9792156805958605,1.2964849065038238
2022-01-31,-0.8363231818369755,-1.6308798951107515,2.145096554845129,-0.24351374078012258,1.4006618421637953
2022-02-01,-1.1376243554119028,-1.9062787910451455,2.433241536681317,0.745193341126216,1.1175690142560641
2022-02-02,-1.0299267242375043,-1.8456395696731218,2.3907599774809793,1.165099049957901,0.8305121023063492
2022-02-03,-0.9094570548495595,-1.6766638721087936,2.1810620211596525,0.7366177217992317,0.9342853455229119
2022-02-04,-0.846477006770096,-1.5800092261138419,1.9999931052512951,0.5826073687110611,1.0733253925511907
2022-02-07,-1.198083911491355,-1.6270306062830828,1.8274425636418496,0.18344893956658964,1.4677564395442808
2022-02-08,-1.1189187450889244,-1.5961973463443544,1.7222805671383985,0.18412207821799587,1.338732198587568
2022-02-09,-0.6712511639919841,-1.5464486607043664,1.6434549918998118,0.4138290460180575,1.22762751777948
2022-02-10,-0.514272662917281,-1.5511345703148447,1.6605011586178149,0.6083288199323001,1.124764745760954
2022-02-11,-1.05267701600111,-1.5689686948247128,1.6103940187970247,0.376503658411666,1.1676069249107315
2022-02-14,-1.6227551843376178,-1.5611319368154501,1.1727460101050784,-0.5713809268788284,1.9456538345081251
2022-02-15,-0.7098390499695248,-1.3342343433097377,1.1364532297386942,-0.11229438081895696,1.4638938330586537
2022-02-16,-0.8042133208887648,-1.572071254326665,1.2527504042614985,-0.03412255755814497,1.5940615871181478
2022-02-17,-0.8469685815977713,-1.8128861913543566,1.1500611415755393,-0.04243890180153552,1.7923019502974114
2022-02-18,-1.2041835494047288,-1.8090074395866307,1.3768296168719814,-0.04503737082969608,1.7451125397932696
2022-02-21,-1.3298577174877642,-1.8846918095646188,1.325027419222032,-0.22146672118149546,1.8836375206273177
2022-02-22,-1.5225016836085454,-1.9568246128917481,1.3541631990365544,-0.6154087476357285,2.2216461816601694
2022-02-23,-1.6235871833245803,-2.0538593952293134,1.3115467675325396,-0.4093009812456696,2.051492166868366
2022-02-24,-2.584497442492708,-1.9718225898886204,0.7438067448558269,-1.829702709105134,2.7761112795339007
2022-02-25,-1.8363917234387468,-1.7543721561369006,0.8371218006916491,-1.2167895818385839,2.1339327104042103
2022-02-28,-1.4994826571749433,-1.8248634632005676,1.0684878691880386,-1.2390967378701359,2.3936957547224167
2022-03-01,-1.4997386241558042,-1.8937088669049151,1.0225394273436983,-1.2421034545993086,2.4481306950815167
2022-03-02,-1.5936398884142806,-1.7529648411297722,1.141402703559402,-1.7666201537369022,2.641826225724351
2022-03-03,-1.8048472820202506,-1.9437935631840138,1.116747308194512,-1.6745506837223916,2.8536624396773353
2022-03-04,-2.178633880888692,-1.8946747436379678,1.0504242093993772,-2.094033253804095,3.0464257018552607
2022-03-07,-3.0303949561855763,-1.972198952234364,0.952497156362193,-2.548314091578797,3.437425224606888
2022-03-08,-3.047716852407339,-2.0600115453901124,1.1759752315748775,-2.195366144802704,3.2777993508962795
2022-03-09,-2.9727649149337263,-1.9849785612576858,1.3788145199160897,-1.551698883310582,2.9340899024753586
2022-03-10,-2.331618026849849,-2.089390812168827,1.4385179093624716,-1.2434815662595906,2.6670511921448163
2022-03-11,-2.7634200396744464,-2.2210357702795056,1.8502197441395984,-1.0032977540860923,2.3281521169812547
2022-03-14,-2.709776107996656,-1.9882662531857935,1.8940743392161714,-0.8048240355392582,2.224002516843139
2022-03-15,-2.6944060843759168,-1.7774888916580966,1.646502592002925,-1.181925408918052,2.471499358033827
2022-03-16,-2.157171511741777,-1.7729326554860583,1.8321134142462734,-0.821247766776045,2.1323113208773314
2022-03-17,-1.7002582810699731,-1.9202081399667044,1.9357526538296022,-0.35899220592425,1.8703740181496378
2022-03-18,-1.6750614619497262,-1.9029536403387677,2.0535677312488163,-0.4398690420938241,1.8347390711683784
2022-03-21,-2.0478229044893252,-2.0258347386351017,2.1976268555062854,-0.6690383365098614,2.068708004807581
2022-03-22,-1.9591922064828622,-2.0418425221137406,2.3125352526571956,-0.5538452932628122,1.98103106929043
2022-03-23,-2.1456656577770565,-2.163473625430014,2.4285806265796537,-0.5572066881039872,2.193518147823176
2022-03-24,-2.455601148952761,-2.1608780701058388,2.4486961220972874,-0.3580989512757479,2.2226695112694412
2022-03-25,-2.3882339709609446,-2.1662404113691798,2.416978706612395,-0.6123765268010041,2.2303001423261257
2022-03-28,-2.164294831389465,-2.166323110652952,2.224436576827229,-0.6387546137181056,2.17156198098082
2022-03-29,-2.2591429415308673,-2.2270322272504726,2.4935703649372307,-0.40501171567083327,2.07651724621273
2022-03-30,-2.562472707947603,-2.5410251313518097,2.795809492132044,0.24175554713571887,2.0672670028074305
2022-03-31,-1.6932037415443932,-2.2450298249765535,2.0596993592245356,-0.3813825970936158,2.1153206329314203
2022-04-01,-1.691176221035977,-2.40115825662148,2.0154997959117837,0.1693823344254726,1.696115395278967
2022-04-04,-1.3146952187821836,-2.564812932371276,2.0760836756559318,0.6913951396660426,1.5227808483393566
2022-04-05,-1.4848741453563723,-2.71239573194968,2.194199783300065,0.780413812998284,1.4574410420968391
2022-04-06,-1.1006215199892282,-2.7315465261401597,1.9746053586853907,0.04649743906393886,1.528879102491571
2022-04-07,-1.4081310942855645,-2.7235721052532287,1.8749801461464732,0.07223090239372376,1.636182686812118
2022-04-08,-1.0980086466241212,-2.739719944759523,2.109194508113719,0.15073257409608457,1.3669028161022252
2022-04-11,-2.2923332795852036,-3.310194089906289,2.7016114226667813,0.8763108375801015,1.3938349807313346
2022-04-12,-2.0614913452153534,-3.435549786323872,2.4061988032800983,0.4894977663802166,1.6909870361460668
2022-04-13,-1.795665023803429,-3.242435693571106,2.6429561900944316,0.13828018114680696,1.8375268904602666
2022-04-14,-1.8022518232906484,-3.219213750839809,2.5235489775114335,0.19704922208034542,1.8079305353260589
2022-04-15,-1.825370404509473,-3.188153581780629,2.5198171126401094,0.18828307802691566,1.7936817475823548
2022-04-18,-1.886234939034616,-3.184581574855159,2.4585105075416536,-0.22540682422357333,2.04897986491026
2022-04-19,-2.593754741799694,-3.2975788242843493,2.5062291097572786,-0.40132304877990466,2.254941035431471
2022-04-20,-3.010683225479115,-3.6131658950690815,2.850280889769424,0.31104346839184416,2.1184117961044233
2022-04-21,-3.2345569330318162,-3.6862325473668713,3.0883134458504737,1.069813829341398,1.9169097012293923
2022-04-22,-3.3509038922885437,-3.4274635909988107,2.866948184373157,0.6677215466465253,2.049846542799097
2022-04-25,-3.296494836471054,-3.0506640061990233,2.5795154125851103,-0.21788009015884577,2.169900818310544
2022-04-26,-2.662420881606232,-2.9483986998156952,2.471926367230482,0.021188953429332615,1.7227240072004946
2022-04-27,-2.7292912393213027,-2.568674734839851,2.303401986113364,-0.42358753451403697,1.7800829516232803
2022-04-28,-2.3444685587083236,-2.5139719944137178,2.5534762988802258,-0.19978951642963017,1.6180154386194268
2022-04-29,-2.3723577438145513,-2.61048354691027,2.438441281448061,-0.4961673205832264,1.7202342626052143
2022-05-02,-1.55980254317144,-2.23002504774391,1.989807574881192,-1.3191940129569157,1.6880159715776815
2022-05-03,-1.6014073159754125,-2.1726570600063604,2.125322131015914,-1.3319962059107917,1.6859459457980899
2022-05-04,-1.9367602351836561,-2.1406054564891273,1.9612988071848472,-2.2123006597457793,1.908411795897726
2022-05-05,-2.3298803281290774,-2.4299307163937565,2.2828200092776765,-1.81320905138746,1.887215144919169
2022-05-06,-2.7126612902925302,-2.424993597412751,2.0776142846714043,-2.2427140900859865,2.091891222146176
2022-05-09,-2.9127678071971697,-2.1789105034859597,1.8453442554733899,-2.5779142323651887,2.2107120879980386
2022-05-10,-3.175486676807721,-1.9488659421078864,1.5425245266890635,-2.8252251634705376,1.9541765067642587
2022-05-11,-3.4127630177166317,-2.232650013824497,1.7153110958469553,-2.9877785114749607,1.9456075220864328
2022-05-12,-3.779732104569709,-2.063561418388295,1.459567516935238,-3.7444892358200668,2.208721280429807
2022-05-13,-3.6437772789467036,-1.7568957420891655,1.3286760350565632,-3.686533862654232,1.9978417040050265
2022-05-16,-3.6072808749626875,-1.7511026588337648,1.515228895688197,-3.615111146966338,1.8511618665171905
2022-05-17,-3.265577072920836,-2.018302526377545,1.7649839270024554,-2.652682241371921,1.4553904899193142
2022-05-18,-3.1230568727844727,-1.822118937339795,1.6393858508057795,-2.694133802981939,1.3016165204018506
2022-05-19,-3.5910916671562894,-1.4913980451913889,1.1314805843252282,-3.746697852904313,1.6164471795306534
2022-05-20,-2.790680901499134,-1.3971553556162317,1.3376225502034884,-2.900552476480057,1.277987301145555
2022-05-23,-3.0788862049699883,-1.3533486666125119,1.1987127259148205,-2.9889410949557034,1.1902566673890684
2022-05-24,-3.507565446851249,-1.5082234678561228,1.1457491395142627,-2.9813371178687254,1.2512466562513564
2022-05-25,-3.5542028276022495,-1.529006307946699,0.9212975833736933,-3.5091347393256345,1.1397291593589283
2022-05-26,-3.496414180355948,-1.758858686458379,1.1710338954210637,-3.063051747594086,0.8941677155323969
2022-05-27,-3.5422100552698033,-1.7656123170476314,1.4455749358852656,-2.676490641121873,0.43536345508664687
2022-05-30,-3.230525413989695,-1.7616777847850378,1.6077487033971132,-2.2311830992503845,0.13497190076638288
2022-05-31,-3.510132044246,-1.9667674710810596,1.7408860179372927,-2.1378085720380713,0.06837130250646428
2022-06-01,-3.683142711908095,-2.0118167304465273,1.6196521275285907,-2.355588388808991,0.025161826173421716
2022-06-02,-3.309635223273622,-1.8890176531374165,1.5434727473466083,-2.432079983367941,0.0809916637579137
2022-06-03,-3.022395969894253,-1.548637744935754,1.3147329418206835,-2.9061612149782863,0.1327379889552658
2022-06-06,-3.1424227158083875,-1.4467208253059711,1.2663622178333922,-2.8713626202618032,0.08796575725302638
2022-06-07,-3.1563118659696956,-1.2753156059982635,1.008187254303321,-3.2836651127916214,0.18901593088810137
2022-06-08,-3.057729909262952,-1.30213807321319,0.9730269523799884,-3.413948160621137,0.2930399204211834
2022-06-09,-2.9354561130604644,-1.1535891714533246,1.0709159284298182,-3.1900227411860214,0.2402666280830341
2022-06-10,-3.0758766333339502,-1.0578805492724361,0.8006330143740197,-3.7524373554034423,0.32135078647987025
2022-06-13,-4.0358957952311725,-1.0740174320711424,0.737074450216428,-4.44709166028245,0.3934203218687645
2022-06-14,-4.435732212569447,-1.1677315331801494,0.9564665216369324,-4.401446163587873,0.22543240976572237
2022-06-15,-5.152981994382572,-1.4460083866278386,1.124965664049073,-3.943663722753725,0.1416026578149227
2022-06-16,-5.1562622816086385,-1.4820473920800488,0.9705170564811568,-4.477271749022289,0.4578887418980876
2022-06-17,-5.503821130586528,-1.597916566019707,0.939973784612159,-4.404264091113652,0.3819340331530704
2022-06-20,-5.509159949807845,-1.3469808074300273,0.9261544586688025,-4.321700210676443,0.1930036498589624
2022-06-21,-5.336964126891594,-1.4682797062442077,1.2956734007518176,-3.6274195296395555,-0.18832694509699224
2022-06-22,-6.041088832885257,-1.4258039402851288,1.1588125009191277,-3.811213237485803,-0.2647625787153296
2022-06-23,-6.429831457868867,-1.4111673164797165,1.512774845238378,-2.966286657336384,-0.6645914562933494
2022-06-24,-5.98728330739028,-1.2404494584858925,1.599694728126827,-2.8375916596337367,-0.9367574477069047
2022-06-27,-5.131884892659377,-0.9678158494187079,1.4900475113127265,-3.2314805831276696,-0.9953315627592475
2022-06-28,-5.151221256765227,-0.9380862582630157,1.8415035345634936,-3.2108220616150085,-0.9782330484901791
2022-06-29,-5.19060684868749,-0.9258782008657164,1.864471353761895,-3.419676651718536,-0.9467848746751039
2022-06-30,-5.767003023608505,-1.1083561134093327,1.9794110198148605,-3.1892825242667695,-1.242636035970915
2022-07-01,-5.118975502783571,-0.7743980017128388,1.5740985419299183,-3.441737097325379,-1.3057875734978055
2022-07-04,-5.085716472020527,-0.6409481725790738,1.697536509455522,-3.2266683487321677,-1.6563209598772632
2022-07-05,-5.118275795593305,-0.629203035701026,1.4692599877017996,-3.3296431278249217,-1.794809714516496
2022-07-06,-5.064770755864609,-0.6643202958994426,1.7539221774024472,-2.850499570310965,-2.3229778138987403
2022-07-07,-3.698186830460418,-0.3093498413087642,1.0896373652280043,-3.3034654003880264,-2.303274064961132
2022-07-08,-4.050834682948038,-0.3701484263061819,1.2426673043347498,-2.863239077818246,-2.5790909638219532
2022-07-11,-3.8181224709679586,-0.1533347859410598,1.0275834400151154,-2.9952260999183355,-2.903889646937171
2022-07-12,-3.9132254603497496,-0.058632877589296785,0.45408524361376185,-3.24144056773314,-2.858616280206368
2022-07-13,-4.023827142953224,-0.012172515990020552,0.5049753539039222,-3.2852341103236617,-2.9646127087019405
2022-07-14,-3.718147958221076,0.4067097676351308,0.3574841733472787,-3.5686040898030744,-2.998508635936648
2022-07-15,-3.2328402135668184,0.5870360377717981,0.16889662374341757,-3.683907295984368,-3.3549495980828805
2022-07-18,-3.1432897488206337,0.313403202806828,0.4967222087714062,-3.3079925450189775,-3.5729270814600675
2022-07-19,-3.450988884992902,-0.15663630243883617,1.0882843719206186,-3.008601261713318,-3.587149635587104
2022-07-20,-3.5730859628097815,-0.2137035126945617,1.4296387948292388,-2.5637745947506607,-3.619221155289843
2022-07-21,-3.4637356367094676,-0.17232996988036908,1.2348551289805754,-2.398967745997381,-3.708537616961458
2022-07-22,-3.6500351847700108,-0.5168006690880969,1.4738259363790103,-1.9989286821924488,-3.860612064864349
2022-07-25,-4.0051929316568975,-0.7183161255637696,1.7837433283382995,-2.05628840067662,-3.7226139914652205
2022-07-26,-4.56749559702331,-0.9892847787926745,1.712181400787472,-2.0308899458647494,-3.5726940909831657
2022-07-27,-4.756498141003007,-0.8660111990119269,2.0445341824645404,-1.5048708730231632,-3.866292861629673
2022-07-28,-4.589700769622071,-1.051290786656191,2.034233390867336,-0.9105183006009234,-4.246913101981143
2022-07-29,-4.5696509754626415,-1.2294720511997508,2.149472631037953,-0.28271858256829574,-4.528221000847872
2022-08-01,-4.344893592528961,-1.2618690570675652,2.0865078971923188,0.029165006873823066,-4.635693086391717
2022-08-02,-3.9904768764677594,-0.9655293513571809,1.821222762338912,-0.18777701679433043,-4.614468136472961
2022-08-03,-4.192299783541411,-0.8647808811727119,2.0326472148179873,-0.08034855705505986,-4.759775438593056
2022-08-04,-4.074217405837064,-0.5137250594417024,1.7371386155861293,0.06887737741621254,-4.555882900193907
2022-08-05,-3.9269065977436077,-0.5355937601252763,1.7872214110848255,-0.10655335115129676,-4.618317523555843
2022-08-08,-3.7399078109232593,-0.6448057177696503,1.9511451788508656,0.09875135697005435,-4.479493565245782
2022-08-09,-3.80636358005435,-0.5129739196301388,2.01738376749665,0.10519413491631567,-4.543196322324141
2022-08-10,-3.7150772393723823,-0.45971648699340534,2.2979749829083493,-0.0056858608574421226,-4.3870732995478665
2022-08-11,-3.755001830660248,-0.7407697602406291,2.459647328950748,0.4798326236345703,-4.3362000462397345
2022-08-12,-4.087631468740483,-0.8807113389497995,2.4998295443896947,0.8376976677743843,-4.617566244252281
2022-08-15,-4.089667945878541,-0.841236034939857,2.5358360257754877,0.7988465083664393,-4.645158996239232
2022-08-16,-3.859564110778559,-0.65373653248264,2.5170762347711606,0.9973759240144795,-4.968300076609801
2022-08-17,-3.5226555139129108,-0.4296222086688033,2.5809409199553164,0.9255297070081816,-5.193108842408688
2022-08-18,-3.2832128378414587,-0.47755205263500405,2.582849712191197,0.8162398568673689,-5.224887122614611
2022-08-19,-3.465578339485855,-0.29882306327247676,2.5120131537324872,0.327077974118658,-5.0021725207794425
2022-08-22,-3.5854809068627658,0.09031631975564722,2.085954946058671,-0.33104072375306914,-5.001928001836473
2022-08-23,-3.1955295691954735,0.2833458657964387,1.8975007157775161,-0.20640137590952515,-5.11077803385811
2022-08-24,-2.9268428803787683,0.1454996351614938,1.759026391452775,-0.15080365251871397,-5.192846960913547
2022-08-25,-2.9236785431687258,0.3151712584937449,1.704026693580736,-0.3761003126325153,-5.086722925727522
2022-08-26,-2.531810349930925,0.5170696681197178,1.7029659948049745,-0.4302167181620058,-5.162508509559647
2022-08-29,-2.861234715323183,0.36715951422929105,1.8004337891682047,-0.7737960336109738,-4.96634086605326
2022-08-30,-2.3978871317873773,0.28727036870865846,2.059817994708317,0.09760422001164554,-5.468972866883947
2022-08-31,-2.3631499713498734,0.2694756071293572,1.9863516333869042,0.10047066198496045,-5.478039935746086
2022-09-01,-2.107831727769382,0.5244864871468569,1.512463684140451,-0.41130029271953933,-5.180173706247244
2022-09-02,-1.623187441717321,0.7006643033501703,1.0595250578817237,-0.6550549458331475,-5.16137145731646
2022-09-05,-1.5624184910737944,0.665740000776902,1.2921795174968704,-0.33457597782346155,-5.175732143645148
2022-09-06,-1.2081726050529087,0.7557999473683626,1.1758653665515597,-0.5631297973018926,-5.1332987886815555
2022-09-07,-1.3983431087324762,0.7762013039483372,1.0087002845540936,-0.41938386660797006,-5.149002956833358
2022-09-08,-1.1001715433737822,0.7704773240009933,1.262952230031082,-0.2622615337331169,-5.3352734195312985
2022-09-09,-1.0602117355513359,0.488586825450591,1.0894969505369136,0.007892665618418015,-5.271718749746965
2022-09-12,-0.21073774038474377,0.6527096747623092,0.8437151294677646,-0.20442339117247396,-5.044433202425971
2022-09-13,0.24147796694613707,0.7709994251274722,0.5401537939620541,-0.13009365735626746,-5.161625128075956
2022-09-14,0.778638042546755,0.9769920769434999,0.24059896633802735,-0.606022590187638,-5.021749819305685
2022-09-15,1.0791000635401231,1.1410923520716592,-0.01871311563449584,-0.9922973801263251,-4.966435878808957
2022-09-16,0.8502493814881691,1.1536714552092293,-0.35994116479445437,-1.6995304696155253,-4.408052814227864
2022-09-19,1.0497205934558602,1.2545501141474766,-0.23954455933183022,-1.6636388367433186,-4.433369681445068
2022-09-20,1.780866763697292,1.552264164367437,-0.45248066216309396,-1.3758648005208753,-4.49447816830933
2022-09-21,1.6010136201531286,1.479749601143324,-0.5960785012015899,-1.5339536452139817,-4.391775134609097
2022-09-22,1.6014870746832357,1.4898417901368657,-0.8454153716840753,-1.5907876050515481,-4.313001276582725
2022-09-23,0.6686868108327529,1.6309650957619106,-0.753367206139288,-1.7655872420495868,-4.147991497076507
2022-09-26,0.31763319367772175,1.8202580704218176,-1.2282252632916462,-2.573018379897095,-3.6528915311944052
2022-09-27,0.8678997599963459,2.1688263174610727,-1.452228726606379,-2.976601509092986,-3.46772480951697
2022-09-28,0.3880252031104704,2.0937262173748232,-1.4229479343247915,-2.989798951560638,-3.38655658162208
2022-09-29,0.6053746238384092,2.216151791995174,-1.4759996453419522,-3.095624888535208,-3.303713040625774
2022-09-30,1.171680051771465,2.2051613007180264,-1.355536765299093,-2.764932075237183,-3.5504725383286426
2022-10-03,0.8077888513954492,2.335336209380168,-1.3212361617210266,-3.1269189415801373,-3.014996220807959
2022-10-04,0.8290865032694479,1.9477831055138752,-0.7724302254503534,-2.0330797842096033,-3.423177558889567
2022-10-05,0.8431585764289489,1.9210860377852386,-0.7649208749899341,-2.0390000515028057,-3.4108956863023603
2022-10-06,0.8951125605142921,1.689016823306572,-0.6006539871588205,-1.859914639697525,-3.417078222470573
2022-10-07,0.6022965762952303,1.5086449509044666,-0.4622575272442818,-1.7319103772695703,-3.524006938996773
2022-10-10,0.4584199493984405,1.6130884613837462,-0.4262032536438522,-1.968454237010192,-3.4355368407312215
2022-10-11,0.2955681252039998,1.7375960328697344,-0.6811817565366497,-2.6118753987374053,-3.1532726523033703
2022-10-12,0.1021413027104167,1.5618804038389993,-0.5542516983343705,-2.001710875207744,-3.511782458438531
2022-10-13,0.5018086913941033,1.8435933791788834,-0.9000781094716193,-2.526055263747178,-3.3248729725751893
2022-10-14,0.42813672587705515,1.8887768046799103,-0.862665019384106,-2.1564491010939713,-3.7341445542329974
2022-10-17,0.6653911779883741,1.9075223201277125,-0.9903051548372411,-2.007473121540942,-3.804376268000472
2022-10-18,1.0094375437284526,1.919091867505926,-0.8898428955654917,-1.7470925726118007,-3.9990997643887094
2022-10-19,0.8897009075444837,1.9082269230063094,-0.7733475182194204,-1.6844653554280276,-4.10555331118162
2022-10-20,1.1425993218874402,2.013574635191741,-0.8360733737551971,-1.6606709758728928,-3.9231712987763654
2022-10-21,1.7920547913243867,2.177104334888457,-1.2318113265530757,-2.012619298644697,-3.7844556450168545
2022-10-24,2.0948179746510465,2.194460722750046,-1.081672451296816,-1.7632604262347364,-3.7852034390378946
2022-10-25,2.1978725254704417,2.3804786997433602,-1.1542147953301167,-2.0190501852833993,-3.7351884598014404
2022-10-26,2.2538092843619704,2.253779541055536,-0.9447049479881694,-2.091835818589238,-3.6454717239020473
2022-10-27,2.922625666913621,2.4201452963318992,-1.0732871960996808,-2.2100258736003844,-3.610711435052679
2022-10-28,2.938586394502176,2.449336417171244,-0.9510676668275028,-2.233377025526183,-3.7365104752389766
2022-10-31,3.14038778260126,2.239974336293715,-0.747326751875133,-1.8997969623578803,-3.7416636678165376
2022-11-01,2.5022484859451497,1.9225879217737414,-0.2829360957752512,-1.1222768352939352,-3.935194246273591
2022-11-02,2.7974768922533713,2.0735689621148117,-0.5466542486853003,-1.382161885296448,-3.7204946883705357
2022-11-03,2.751859443269006,2.1649591361195117,-0.618830783972258,-1.3593385677764904,-3.8293482536330288
2022-11-04,2.504734270805739,1.9818565927098204,-0.3253083590433247,-1.0500520616333937,-3.9345111551542424
2022-11-07,2.5012070306820844,1.7903636160534824,-0.1385328170507248,-0.8293974627232382,-4.151699411831267
2022-11-08,2.4699748391689296,1.7493875994163828,-0.23552514476049266,-0.7188606762536216,-4.080070475091709
2022-11-09,2.0746520676454785,1.4013581390329948,-0.09707257302691416,-0.5468643897528197,-3.9403260885369287
2022-11-10,1.5538326580288189,1.231058123044178,-0.14970541694337977,-0.40775977269371033,-3.839889688508893
2022-11-11,1.9254749299758314,1.2345193489486352,-0.12294698478954105,0.011477648073264408,-3.784905425509045
2022-11-14,1.7378521041816102,1.05621157612353,-0.09013171105354814,0.16423438088206882,-3.4511469207782035
2022-11-15,1.7365160997646174,0.9360313201266751,-0.060068808398058636,0.36446263404156254,-3.320246687605304
2022-11-16,2.006261887527183,1.0306410626947229,-0.13008783951043276,-0.03116122561202889,-3.1645917076755214
2022-11-17,1.4074435031480486,0.8803743105521299,0.024774586731678972,0.1873601952056539,-3.109169108659244
2022-11-18,1.5476735066959986,1.0130238777795462,-0.0353194485353592,-0.038318617972706956,-3.066036720287115
2022-11-21,1.3645894339308593,1.1642913742883318,-0.05413401718240068,-0.3229930575959039,-3.0219766946591244
2022-11-22,1.3377954489517325,1.1775114823677628,-0.19123745114791724,-0.06959280837830797,-3.1126523012078384
2022-11-23,1.381652066077751,1.29550998277657,-0.3059170346858783,0.028592531438876922,-3.078585752970906
2022-11-24,1.2655285460072907,1.078823038434105,-0.062393595111418725,0.3583307215101545,-3.152826932099473
2022-11-25,1.4656542174376914,1.1320084918221727,-0.10199517457478081,0.31855345217705766,-3.047931009939166
2022-11-28,1.2887316826232689,1.1155569674968115,0.2537713535074737,0.40801685760489476,-3.05369987403807
2022-11-29,1.2541736701394834,1.1314859351228441,0.3078250339029172,0.5867314354027537,-3.1909629373337607
2022-11-30,1.3838970753286717,1.1438311462390989,0.3653517633952494,0.7726132972440761,-3.1844161672336706
2022-12-01,1.4980589029706541,1.0102787010418048,0.4595483992759105,0.817473112078324,-3.0900157207268677
2022-12-02,1.3234387204673705,0.9879367248608237,0.37606933686637894,0.7811809882538412,-3.048753037480617
2022-12-05,1.3207416021656695,1.1292554257797787,0.38190559066007224,0.7870203504606016,-3.026212172528686
2022-12-06,1.2776528664576046,1.2785203084006143,0.19519233236609798,0.6059770571830103,-3.1333465713357573
2022-12-07,1.476990360395451,1.483525142405926,-0.017583811022156916,0.2705178473233258,-2.990072628169342
2022-12-08,1.425234875626798,1.1626337089895356,-0.06974630757993203,0.3796003082877398,-3.0933246362601157
2022-12-09,1.189321013019376,1.0502537026310819,-0.030065555081661886,0.3295640056129042,-3.0594652151347472
2022-12-12,1.075076023114573,0.9326807442085925,0.17310327084960608,0.26569908951433624,-3.322425218495349
2022-12-13,1.1310016466036847,1.013373463823631,0.10584226701503509,0.4598872134487215,-3.283647470769921
2022-12-14,1.4088049920046728,1.0984062898172688,0.15244149275803226,0.5012661407025409,-3.1125436577444794
2022-12-15,1.09617009265752,1.2390819339205354,0.18668789654659357,0.14495297656754522,-3.0347625774559597
2022-12-16,0.9102565986201,1.093706048368938,-0.15883748084864854,-0.22548369707768293,-3.149201139359452
2022-12-19,1.2244586829121067,0.7770675413464955,-0.19180761594395102,0.01591364875783187,-3.1362726919666137
2022-12-20,1.1778813759430709,0.6634490677710428,-0.2919375664459388,-0.0651293482272667,-3.056708238871122
2022-12-21,0.8640749741843917,0.7952768048054808,-0.45700279263683075,-0.24051140539953914,-2.680739962538676
2022-12-22,0.531498306450114,0.7548751319980262,-0.4584563337010606,-0.2768267348931856,-2.777201892946619
2022-12-23,0.296429061618624,0.8946847112944315,-1.1429065907558627,-0.9432277424506518,-2.2923919631996146
2022-12-26,0.40868832254581583,0.7575413504378422,-1.0562922877817746,-0.7307363619076161,-2.415305089987165
2022-12-27,0.5452255528175749,0.42817630954601127,-0.8087545356712034,-0.1664785387140123,-2.431041075029746
2022-12-28,0.5551415412404587,0.4257810318611493,-0.9148656762401379,-0.11383954576196115,-2.414914167041495
2022-12-29,0.5773311631226399,0.36231085921705436,-0.8639152650805542,0.10348407537668035,-2.45226383735399
2022-12-30,0.7397225356066459,0.47850915976861264,-1.0865392255644053,-0.13440531225579916,-2.3953344471985716
2023-01-02,0.8658293894399212,0.3034160170064202,-1.0397878230412814,-0.035855164822996846,-2.460105408613429
2023-01-03,0.729115797356087,0.41339448893134295,-1.1726072675106682,0.22785759979038578,-2.4482925844987675
2023-01-04,0.4884788709349055,0.6450550775426872,-1.4139303021388747,-0.0943691263655988,-2.3251635372473665
2023-01-05,0.6374155080843337,0.8104106987678102,-1.4520782686111608,-0.10020331747377645,-2.324069963400447
2023-01-06,0.6640228094081907,0.9152540538324103,-1.7331047601546243,-0.31581927903766976,-2.1490239044310004
2023-01-09,0.836463319827063,0.6415398037930239,-1.5196944229302103,0.17945654201257977,-2.207544137845542
2023-01-10,0.6249626347133691,0.7297786670729125,-1.5926389897584585,0.056402228670904005,-1.8816875963907842
2023-01-11,0.7993793023912193,0.6485177332731543,-1.6097054477359,-0.15964884613326663,-1.7951323694570056
2023-01-12,0.8419562600864725,0.595154653779492,-1.6448737622762528,-0.25070098960169185,-1.6231440670787145
2023-01-13,0.9486084318112247,0.3169194930737038,-1.5906993160597565,-0.03642673548323272,-1.6233555228774117
2023-01-16,0.798808534239718,0.3114579391739592,-1.5488261718484106,-0.11323959442007725,-1.6064300745987938
2023-01-17,0.7695981758241784,0.10425840457973735,-1.2319186562306268,0.21204652524790024,-1.6748317946767899
2023-01-18,0.6894506197174322,0.019896637189959834,-1.153394558719037,0.5339939335772221,-1.7525247081044375
2023-01-19,0.49305845923799485,0.013397986336632627,-1.257923596127488,0.5229488145236951,-1.861824050908445
2023-01-20,0.24238676784852917,-0.11030347493748234,-1.3925226782448672,0.5240373302322099,-1.982346996378946
2023-01-23,0.26611160566451714,-0.012525382550290686,-1.364971755722699,0.9267599852295977,-1.8862175590240373
2023-01-24,0.316233354730021,0.20121750249206963,-1.6044324167168922,0.8504410455847907,-1.8393624627345109
2023-01-25,0.23181361419258167,0.36778628916888717,-1.9530027154424023,0.38853183423227694,-1.4518741437908602
2023-01-26,0.2689073795587763,0.3625692208375958,-1.839646631689311,0.2998320318993957,-1.4756262704405114
2023-01-27,-0.061474421604678364,0.4241706878605672,-2.2445630767236193,-0.19147060888927483,-1.189197028507462
2023-01-30,-0.4535170450073156,0.15161490965429283,-2.1272232676080067,-0.13283805265474286,-1.1935880131929462
2023-01-31,-0.4214490249060555,0.018672496780101584,-2.0055054455329837,-0.007755877613600522,-1.3192404244219536
2023-02-01,-0.3837716474213076,0.1846402551765109,-2.306314637984558,-0.20429937581786878,-1.3254190274079598
2023-02-02,-0.4267915871122783,0.29407628721592466,-2.1832488905340814,-0.11701602460058508,-1.2754853452235906
2023-02-03,-0.2084847578434265,0.25427375605651165,-2.24117407924839,0.05652209488326421,-1.5139263671556804
2023-02-06,-0.25596704682933713,0.12074496758572588,-2.3309723476559983,-0.14060279623733932,-1.6137053228504095
2023-02-07,-0.477874092066595,0.19160000269826274,-2.2714612258546665,-0.2704508520113113,-1.764498631018125
2023-02-08,0.0632868383565613,0.1390459581557583,-2.25195167588642,-0.31382998919192895,-1.5875836901552765
2023-02-09,-0.15285913237788157,-0.02281832986093669,-2.142233909763178,-0.21137695279722915,-1.5954757800198285
2023-02-10,-0.15244362450962154,0.010252519041590554,-2.265467640184533,-0.3399796396044727,-1.6838879174783752
2023-02-13,-0.4096862975334117,-0.09135183595512467,-2.348958642394094,-0.5269938452476918,-1.8089386432780434
2023-02-14,-0.5338991320662495,-0.13636371526164032,-2.196768079252704,-0.2349925569144532,-1.8748004902110305
2023-02-15,-0.5653982872715999,0.005848400177954716,-2.254670032602603,-0.003191204944473571,-1.9832166627456704
2023-02-16,-0.7523988917801013,-0.016374143660718835,-2.33842256378565,0.39398126146962464,-1.9697222097607916
2023-02-17,-0.6923174524559459,0.14651636217643746,-2.589681644706191,0.04973871862893219,-1.8792435988672744
2023-02-20,-0.8371612005731113,0.04616407856362639,-2.7045915246984413,-0.13601915333087689,-1.9188132895821217
2023-02-21,-0.7259089398589516,0.15615570310004664,-2.7739342200502777,-0.34264924535284585,-1.7457143322701931
2023-02-22,-1.2579128416983787,0.032985264420224314,-2.829292700929431,-0.5918404788205537,-1.5319766775444987
2023-02-23,-1.4062350015012512,-0.09091485842678136,-2.7774114969944006,-0.5754791528740794,-1.4987063429628624
2023-02-24,-1.5871914993312701,-0.2791354618053228,-2.728079031996055,-0.5664488046448649,-1.463369254963852
2023-02-27,-1.7526878962758556,-0.3573271226910475,-2.7718056775654967,-0.6696310605793928,-1.4636691525766325
2023-02-28,-1.8834504461937946,-0.600950739525295,-2.6945738623240154,-0.7219910750056561,-1.3595561887071885
2023-03-01,-1.6676907596530088,-0.6116046958174729,-2.685236228918017,-0.3800268497736417,-1.422867869794625
2023-03-02,-1.757452979255985,-0.6543986914609594,-2.694465663806467,-0.5247714717659966,-1.3852855151717347
2023-03-03,-1.4923137170242418,-0.948029199258955,-2.5212320590368607,-0.15581262649901817,-1.5716625220291114
2023-03-06,-1.4357781751013097,-1.1203564106708854,-2.29382654112207,0.04476590119636822,-1.5650110380461877
2023-03-07,-1.4573210097441958,-1.0151309756812998,-2.306747010061184,0.01155995303291443,-1.6508570569266376
2023-03-08,-1.4616537832874452,-0.7828158472469596,-2.3863306956927293,0.13717042168582622,-1.7476830692284766
2023-03-09,-1.8168397308321973,-0.9890119125244745,-2.5653253051820113,0.06098792347332929,-1.618858457134801
2023-03-10,-2.368150322320082,-1.2713042873815819,-2.426534517166782,0.08685738952354859,-1.5128901835656117
2023-03-13,-3.1610966223958137,-1.2401537225443946,-2.406835972225265,0.0695907444213008,-1.095519840044928
2023-03-14,-3.434348918118357,-1.0125376029805653,-2.651224030916624,-0.0848665723596656,-1.117133331320774
2023-03-15,-3.50365341553965,-0.9999106768305733,-2.73235613407465,-0.19362447264301097,-0.9396648290641317
2023-03-16,-3.679826449284854,-0.851054652154541,-2.6999745005237834,0.07065329194496232,-1.1122692134153411
2023-03-17,-3.6412652331178976,-0.7325041373571177,-2.6816156813930627,0.38919180550168636,-1.423662066932955
2023-03-20,-3.5936643781782838,-0.515521702144489,-2.8248062196722326,-0.08852007740620049,-1.4378078606553626
2023-03-21,-3.6757950112132534,-0.6313239001830834,-2.4699416579119102,-0.007284827024417947,-1.81921755516825
2023-03-22,-3.729652528102745,-0.7482017746470528,-2.272256331723196,0.1429451286260567,-1.8128949183372363
2023-03-23,-3.6522472286630308,-0.6752266577922817,-2.4271683142500997,0.0001496748112059652,-1.7610100691168469
2023-03-24,-3.918408163310904,-0.5063426321459472,-2.518573718740268,-0.24985037548840947,-1.7333727024304904
2023-03-27,-3.841535334335681,-0.37694585037493566,-2.3306328558476244,-0.41437156064060476,-1.7286269720420682
2023-03-28,-4.009780022979275,-0.44858294737348176,-2.352987840659718,-0.3921852234511536,-1.7518349422699058
2023-03-29,-3.629712190986262,-0.3379462573434912,-2.3180318829338207,-0.14409156005129548,-1.9378749532461625
2023-03-30,-3.6082073978616465,-0.40238666876650486,-2.2308588303980756,-0.1865816060123559,-1.8912976441193359
2023-03-31,-3.174047405802609,-0.4959314866290575,-2.0735594133412016,0.15783170659216342,-2.0497482030038805
2023-04-03,-3.1315614695199216,-0.5682602271882188,-2.0106313426288502,0.3242408233286568,-1.954782350019234
2023-04-04,-3.1292989164154643,-0.5740720993822674,-2.036376416073477,0.3380281299218048,-1.9533011494394315
2023-04-05,-3.259315577849223,-0.6783136108157187,-1.7831330263274048,0.6761434824411203,-2.165384389396065
2023-04-06,-3.3342967199351023,-0.8020509260836205,-1.4762520510961816,0.8452495511283049,-2.233654049818771
2023-04-07,-3.32145362536708,-0.8196675001183945,-1.4799984180558103,0.847482106823612,-2.2264525411213736
2023-04-10,-3.338350862030417,-0.8925387308350988,-1.2871959574072303,1.0009937709882533,-2.2253989563965173
2023-04-11,-3.501817975588635,-1.1822262738097105,-1.1512233477486298,1.4299694035214703,-2.4348826429192543
2023-04-12,-3.5128975038247225,-1.1976897776735194,-1.129889841366518,1.7117228101780564,-2.3418888520692382
2023-04-13,-3.6404637187466156,-1.35597001571059,-1.0805616407349259,1.8068278542831313,-2.6822160355945877
2023-04-14,-3.6029950714469674,-1.337685608022535,-0.9692210061689192,1.7331236867873745,-2.7252714884948537
2023-04-17,-3.6683149741726973,-1.6895520333969538,-1.1225493444575387,1.586683026334468,-2.8114681024775745
2023-04-18,-3.6720130191331624,-1.7224708285104606,-1.072802091210098,1.6377172968356997,-2.7606513108025874
2023-04-19,-3.5038955132724134,-1.4483027182859431,-1.1439978143739935,1.332241306750927,-2.8197671762773013
2023-04-20,-3.5406538379373322,-1.5480350169891888,-1.270979144345029,1.3167973263033343,-2.845709806700783
2023-04-21,-3.2733609321255455,-1.3544595264912334,-1.405390650177667,1.0737645683975747,-2.764479952040874
2023-04-24,-3.0087607563178462,-1.4186737534795641,-1.4720842301756791,1.2127766501096913,-2.57510526537373
2023-04-25,-2.9243270203597582,-1.429121104305398,-1.5566367945749362,1.3194052699754515,-2.5452564608102324
2023-04-26,-3.1449960888373876,-1.525663585996021,-1.5927069165260468,1.627072977175889,-2.6762982502229433
2023-04-27,-3.187908618976284,-1.6813173583467407,-1.5071184357142353,2.1431115715778053,-2.622296971840304
2023-04-28,-3.1948077397774015,-1.7229846254336922,-1.0323845804447362,2.5085929707454815,-2.5154315848244004
2023-05-01,-3.2273893750644422,-1.7371676325157401,-1.1997592161409483,2.6337818085608893,-2.479770912483186
2023-05-02,-3.075297113221463,-1.723031507531668,-1.2656029336933554,2.7276040306118,-2.377577177190602
2023-05-03,-3.172734088269734,-1.6945528150694034,-1.284947590188414,2.6848404289750345,-2.428604375713997
2023-05-04,-3.067809327003849,-1.8344270125768372,-1.2553861417509469,2.9916129074726143,-2.3537314510660137
2023-05-05,-2.990724809053409,-1.8304715924850623,-1.5733631970371247,2.4823190885227446,-2.306820784876565
2023-05-08,-2.707912673053729,-1.8508717714708984,-1.3804583673533952,2.6800360514891532,-2.435093594791391
2023-05-09,-2.393015975955205,-1.7372216539092538,-1.4144983264824114,2.3819841758315707,-2.2607879856346895
2023-05-10,-2.130765181731711,-1.6874209742030115,-1.4724167279744025,2.3232174714259846,-2.2248592155385363
2023-05-11,-2.46944959939663,-1.748205444973109,-1.3593458191949688,2.5191332466049396,-2.4501726038614473
2023-05-12,-2.6322671111698925,-1.8074148329909536,-1.2521002172604792,2.555736656088971,-2.541409333472302
2023-05-15,-2.5382948403927093,-1.8919973384873359,-0.8536352623262972,2.7048374100743082,-2.529420893977337
2023-05-16,-2.610060536601922,-1.8764280270370606,-0.8491295734612414,2.5256599428000968,-2.5007483006928517
2023-05-17,-2.6226751734166487,-1.7328231116930402,-0.9614962334103376,2.2925697038133697,-2.5877541497921666
2023-05-18,-2.503469433569861,-1.5465479497349297,-1.213726035676894,1.854593673859142,-2.6396721482019734
2023-05-19,-2.1589057515092396,-1.46803956282847,-1.3246105002338247,1.8024325382649842,-2.6606781791420824
2023-05-22,-1.9324346042165677,-1.2554368371586184,-1.2183681021046828,1.9597306210164633,-2.557539929532983
2023-05-23,-1.6276330799581573,-1.2186619303986952,-1.2624832825012404,1.9096300315148707,-2.4824166962756062
2023-05-24,-1.8209318475355947,-1.2110476001129478,-1.0378524397306101,1.9418505160766175,-2.423503334057878
2023-05-25,-1.4895937478832253,-1.1776827972685724,-1.2930931065185645,1.898236786508169,-2.507224715593775
2023-05-26,-1.1279705847854884,-0.9742552901172615,-1.0983500057557545,2.134104183053662,-2.4857146567995008
2023-05-29,-0.9710505050092659,-1.043557002067165,-1.0583859023578153,2.148689740215558,-2.5834832390198748
2023-05-30,-1.0768522389777342,-1.1515672603880969,-1.1027203602382778,2.2624712039747674,-2.7911178694319037
2023-05-31,-1.0575959139116793,-1.0091950876114002,-1.3042595418678766,2.211707357146987,-2.7381842014887687
2023-06-01,-1.2072924357637653,-0.9950494126750102,-1.1825116062591852,2.3842377192901645,-2.7138438101429823
2023-06-02,-1.1439282424262924,-1.086411276658497,-1.0830570321288455,2.486683656889669,-2.8548089664273473
2023-06-05,-1.0060777948372543,-0.9629854853521684,-1.0079119428462482,2.4567036026505997,-2.938661465333774
2023-06-06,-0.822722600732487,-0.9486263497301324,-1.2098702005519573,2.3443356391820838,-2.93013506901721
2023-06-07,-0.6909956937552137,-1.00604722829548,-1.0361622161276183,2.481845715012372,-2.9900489119411158
2023-06-08,-0.7127016651081508,-1.045069654461519,-1.261030527279157,2.253556141757828,-2.9655178972351877
2023-06-09,-0.3799349082663003,-0.9479974144380349,-1.59126358011657,1.8876851728487258,-2.8841469457210422
2023-06-12,0.2877786888430715,-0.8343901763883231,-1.7406373019565091,1.5116640707157942,-2.701276685367765
2023-06-13,0.6466675075319633,-0.8260447781473144,-1.6183041958197697,1.6226101993137654,-2.6404735314402195
2023-06-14,0.6105057807724937,-0.9447923857394955,-1.7337748116260485,1.970739520853661,-2.543183739694524
2023-06-15,0.7899085538501986,-0.8507773531888464,-1.8678866915519854,1.881717903382221,-2.3424247878212934
2023-06-16,0.7851224310006691,-0.9990314594942102,-1.7135478408265885,2.2392033066561954,-2.3078867789208624
2023-06-19,0.7714398906125347,-0.8763174335552535,-1.686355404216542,2.1401853894616676,-2.0467599911729013
2023-06-20,0.9755439180166564,-0.747180884008296,-1.5182374446732512,2.0978872327673423,-2.0716787745454366
2023-06-21,1.1382461398744672,-0.7252747805669726,-1.4163938384689967,2.029205145119497,-1.9748929441625447
2023-06-22,0.8927697696832494,-0.7950475368470599,-1.5341566649179534,1.9151725585960733,-2.1061318306283487
2023-06-23,0.7701014090784091,-0.7292755209623337,-1.7303513354962596,1.782319214571743,-2.1710429205126687
2023-06-26,1.0013971446879046,-0.54500043597339,-1.7016680888048827,1.8092963410542007,-2.125336063646491
2023-06-27,1.2292804418248198,-0.489718634545205,-1.7530145038906668,2.0208378918349856,-2.1686851760243027
2023-06-28,1.2332511147174425,-0.5883135282569272,-1.5109391689041887,2.2629882004091812,-2.2095032774881567
2023-06-29,1.2347855394537537,-0.5395579311902822,-1.3776714136518295,2.1873479326881293,-2.2508214108618065
2023-06-30,1.1563670658674954,-0.558407528228706,-1.0652654553933294,2.3911437058171305,-2.2153652952257565
2023-07-03,1.2405660665635667,-0.6382367329584266,-1.0047837028747342,2.2047583733303697,-2.289642084821066
2023-07-04,1.5376832487416894,-0.38077870462755486,-1.036675658147089,2.119062944375579,-2.0154377818425204
2023-07-05,1.7628062229730725,-0.3025485249583139,-1.0932436349311627,2.1318586865519986,-1.8752372624608027
2023-07-06,1.8378089355302087,-0.18909850669795772,-1.056857517111357,2.1898839650562567,-1.9008193033746883
2023-07-07,2.023561874128625,-0.04196253698412452,-1.3488954450735928,1.6067653392789552,-1.8594733824786818
2023-07-10,2.2477986475581315,0.10070328502419364,-1.394943853340722,1.4135836787028266,-1.8405897591508107
2023-07-11,2.5371178344365233,0.19899435584538777,-1.2993843808789443,1.5234437877873424,-1.88452710820249
2023-07-12,2.657481861740655,0.23375537355295692,-1.367469242222944,1.4626219073155886,-1.7965148937285484
2023-07-13,2.752001215296864,0.37932213415128097,-1.4094261334240654,1.5647472429781288,-1.6770091462625205
2023-07-14,2.7957220008879786,0.5178546952979998,-1.2695104513660629,2.0439330352084095,-1.5768307531987984
2023-07-17,3.0328605017125705,0.554744758474779,-1.2790446131281947,1.9833889968567262,-1.443014690778695
2023-07-18,2.8890593198735366,0.4769343661810486,-1.0241868528889244,2.052755838652731,-1.2767456689454664
2023-07-19,2.872956189375052,0.41360023650188243,-0.9077649746495442,2.1509748089883574,-1.3822917834879558
2023-07-20,3.054219453463455,0.4981335783762238,-0.8875628865154213,2.0511810682495946,-1.4232041380877216
2023-07-21,3.0023009339066564,0.4357081113337835,-0.8724667104976279,1.4744700609292487,-1.640160371515349
2023-07-24,3.04635616122542,0.3751884221611535,-0.946362529730273,1.2254295531314912,-1.459799259781506
2023-07-25,3.5639350582190366,0.43337500275849833,-1.0704728196673663,0.9378150474504037,-1.503682963539938
2023-07-26,3.9354234202123477,0.5904078985320526,-1.2523784005162208,0.9577053980155672,-1.5070617603848246
2023-07-27,3.982926723974626,0.734725278533809,-1.0908340006996506,0.4440359339552307,-1.4909594589095074
2023-07-28,3.925082376585792,0.7537671328570607,-1.0875114768542866,0.5568460663398959,-1.5436207984301373
2023-07-31,4.113442889520107,0.6649550799857009,-0.9217819759760524,0.8768576913794102,-1.3795437578322753
2023-08-01,4.172983431684771,0.8775334893449709,-0.8614798312002591,0.7879336831342096,-1.2917930015817423
2023-08-02,3.8488063723726835,1.1866788644498705,-0.9004435348414882,0.2969468505983585,-1.1564234532553692
2023-08-03,3.6268348437316904,1.2330634687893653,-0.8657686581415096,-0.019268488742721374,-0.9881782872612923
2023-08-04,3.6978287577620352,1.2492121042522768,-0.8865711559564843,0.2978366555633704,-1.037878339280828
2023-08-07,3.8264661611194994,1.3456640766005032,-0.8776118638540149,0.3158110466938679,-1.0004276673969967
2023-08-08,3.8507006740386083,1.4154834323969296,-0.8810978540601898,0.20670456233910658,-0.9302470752158708
2023-08-09,4.13205251598365,1.5787766785735655,-0.8511396905676683,0.19245513792377614,-0.9689791120944391
2023-08-10,3.960702910027189,1.5714146367439976,-0.8112585732809212,0.1421314375926062,-0.7600975822471934
2023-08-11,3.738277915064674,1.6471668929755523,-0.8483906859574669,0.029407979022147625,-0.7048928702929205
2023-08-14,3.707993206172288,1.7345807445447348,-0.721130683170061,-0.1253547919189235,-0.6485307074330218
2023-08-15,3.6934680806272087,1.7724895935403975,-0.8129507503337032,-0.12166921778804195,-0.6793835818018463
2023-08-16,3.672545238032503,1.756003301938706,-0.687806228082842,0.019821221923567146,-0.5884772823587775
2023-08-17,3.5478618275680476,1.8691599983915983,-0.6166378909777257,-0.13342207588490554,-0.539263819189443
2023-08-18,3.527281030652044,1.8570198213992586,-0.5947310183360189,-0.2613032208131355,-0.6232187539793546
2023-08-21,3.4406029485953056,1.7841355293687426,-0.46719054183474196,0.14452053919420865,-0.6390969667569036
2023-08-22,3.4586071407221466,1.5814693234254211,-0.3055123904693083,0.13570058494111487,-0.749293616443833
2023-08-23,3.5899005742367534,1.5794577523119404,-0.5326692233647538,0.33294084195777357,-0.5523013694384894
2023-08-24,3.7074409745747188,1.5492282097690337,-0.5328680564181251,0.28494141910608994,-0.3106898374398657
2023-08-25,3.4707446884875632,1.606181436533599,-0.5800025874216647,-0.05900706841581724,-0.24639636231345188
2023-08-28,3.7243036467080652,1.7709051641829434,-0.6080717214788054,-0.08593081041612063,-0.08872127886501044
2023-08-29,3.899917624281462,1.705792970198199,-0.46046593202938185,-0.013315456145907317,0.10779945120260116
2023-08-30,4.038650539543394,1.5479027219522936,-0.35510393087477027,0.10731560454107798,0.2622522930826055
2023-08-31,3.9114170563703845,1.662737414976911,-0.26175848186732226,-0.0752206846602542,0.37218355475674103
2023-09-01,4.311270515588692,1.534243684677905,0.07923637873698948,0.18407082799645538,0.28055337067087127
2023-09-04,4.23715532365713,1.3083839550040302,0.19486439793414032,0.4497220859863704,0.1475561013003585
2023-09-05,4.1715375271077635,1.1978134222782624,0.4965500328622778,0.5903307884508643,0.16905613702363514
2023-09-06,4.080158139441049,1.2441601945986236,0.5863781078361182,0.6098107888147107,0.08337284951685953
2023-09-07,4.185015450339803,1.2721114077622342,0.4954225644806423,0.7529853882115012,-0.034072563184169735
2023-09-08,4.252631729170846,1.2856189139204013,0.7618540974961706,0.8866607031179176,0.06617063463064156
2023-09-11,4.428444749319818,1.104605060348028,1.0698900420605302,1.0592921005868652,0.03407369380681937
2023-09-12,4.526832229176861,1.2742076652122911,1.0368769147534116,0.558626809745421,0.2939933558803248
2023-09-13,4.447466512684301,1.2292811842309044,1.2598471791524093,0.7201472152086827,0.20071321202305792
2023-09-14,4.271237669120194,1.1310510640888456,1.417585278258732,1.091561150467042,0.10034555511764993
2023-09-15,4.1460367698550655,1.1346461282412241,1.4698782598035378,1.2668315243558894,0.06906493513254228
2023-09-18,4.181902039233901,1.2351742815223041,1.393008947913901,1.1032534651864412,0.15145378455446248
2023-09-19,4.155217601895777,1.267813810417934,1.3860630762180315,1.0801173716836632,0.13465226312903159
2023-09-20,3.9696981003152687,1.3661192222868768,1.3201481911586193,0.7910812132728071,0.5286583382956201
2023-09-21,3.6251651095710224,1.4236327982679897,1.3577735020845851,0.5387974721036364,0.6285370105593208
2023-09-22,3.7655049773819442,1.4148604031577638,1.221999546712486,0.40078210577363615,0.6609141201213933
2023-09-25,3.7601931088177767,1.3129496546833492,1.2163073516496714,0.39790029055679693,0.7588463207650546
2023-09-26,3.6993171186110243,1.3687891921492767,1.2992879393940016,0.39379890978236304,0.7345037833887513
2023-09-27,3.613284173112133,1.452044990140634,1.5693102494782483,0.5194014165460892,0.720892633769587
2023-09-28,3.197908529844111,1.5034276454043056,1.425255199682049,0.1015664196118738,0.7721958760974762
2023-09-29,3.2562565301078923,1.4290493115253562,1.5496470961791853,0.5099029901186436,0.5288587644521258
2023-10-02,3.2478855111599554,1.4828029320685965,1.5385875152031199,0.5372212358417094,0.49674545987372354
2023-10-03,3.018820237646905,1.4607501314928588,1.35458949850818,0.26540208450909697,0.4962952502816057
2023-10-04,2.861023484219167,1.5342026156812245,1.0988348799767882,0.1199025170094768,0.6409758731161374
2023-10-05,2.7661287295323427,1.4172128123315102,0.9859645838933591,0.435612581974019,0.48828930114162766
2023-10-06,2.866488395763659,1.3077650200679758,1.2501883977320605,0.6458338841511075,0.45217607328219617
2023-10-09,2.640967300030617,1.252602119009362,1.4368935362124347,0.29354746071909144,0.7600576651117102
2023-10-10,2.7265791803679678,1.0911379351195407,1.5943348272871827,0.6472581083685383,0.6464866121851588
2023-10-11,2.84795300734084,0.9740255498344305,1.4578581286549674,0.967974037108381,0.6220555031967419
2023-10-12,2.8045516609439183,0.8620132363029952,1.4774729903156036,1.0315695115795243,0.5352036667502021
2023-10-13,2.7908399530511208,0.7331732598424061,1.6564617588935988,0.9448330201320974,0.633997898565453
2023-10-16,2.6616990053769594,0.6860694419740785,1.6756286617181109,0.9791642835794483,0.7568669376747125
2023-10-17,2.852597733320165,0.6479461516857554,1.82539262850579,0.9742645926861132,0.6505525457187514
2023-10-18,2.8691008777590667,0.817610991929785,1.739038558892046,0.6157827034171718,0.9725465631320611
2023-10-19,2.890689549976481,0.9211350933296883,1.7460461645851941,0.4317218512319771,1.0810325880608063
2023-10-20,2.6701715624928175,0.9004251572411541,1.532527150651953,0.32962476800463875,1.1243063379541447
2023-10-23,2.1526987600883256,0.932568112586072,1.1783131951850125,-0.170047161210254,1.2237647234197426
2023-10-24,2.160467086818909,0.9523809705677465,1.092292890234225,-0.13962697354977896,1.2019207214359817
2023-10-25,1.9924222291498535,0.8838139394347749,0.9855044447013974,-0.4689073803075311,1.3729918422091096
2023-10-26,1.7568804304702796,0.9493248553070729,0.6804098992426738,-1.0453570464415838,1.6695970006650218
2023-10-27,1.7844761206729354,0.796915781377718,0.9840776297797001,-0.4011776043492238,1.4193713697897665
2023-10-30,1.9366538353124052,0.7097097930090246,0.8772135549893301,-0.3955226328258992,1.5678105531706843
2023-10-31,1.8533086515408612,0.7103622464208359,0.8396576814516493,-0.5294676203198811,1.6237526266195308
2023-11-01,1.778138449179657,0.7593741746608049,0.6467789608544185,-0.6794171174935897,1.6840608442944769
2023-11-02,2.066158224024501,0.7400698856251587,0.803460408377646,-0.4550158203113216,1.385129849365764
2023-11-03,2.3187707099481956,0.3971427574946244,0.9019413699701312,-0.019992523000024513,1.4721957782902428
2023-11-06,2.2926345242970276,0.25722195186061686,1.2035626692813217,0.31868797524746095,1.3522351388998957
2023-11-07,2.0544074092457216,0.34293459500542195,1.2601249515406088,0.4493559146840418,1.2107491329239173
2023-11-08,1.978778863077017,0.3259625914118398,1.4839191989634413,0.550886116347662,1.022800229681637
2023-11-09,1.7405495478502906,0.11699379057266875,1.390048579171384,0.6235007479003278,0.9458126781034717
2023-11-10,1.7598766231126812,0.2333270208547922,1.4969393609633024,0.6302198585171868,0.8709150771019628
2023-11-13,1.521899055799919,0.03308821756436541,1.66889285538604,0.8203965340857494,0.8008042175519254
2023-11-14,1.5132599726553029,0.004189866313676229,1.7149631360768445,0.8537820237314759,0.8459267304703624
2023-11-15,1.8125977916488547,0.1488434123758933,1.5863244057326324,1.233167413785407,0.7285425103749942
2023-11-16,1.5112252063867038,0.28911516563118506,1.6371895179187193,1.5927092572173207,0.7934640518971933
2023-11-17,1.494901443549081,0.30016017051673005,1.707500900426011,1.4608101202996038,0.8582011899815957
2023-11-20,1.5372096191348827,0.33415493286670245,1.7327019394806191,1.2263125414171285,1.0029430604434306
2023-11-21,1.6054450156503945,0.1576143798200134,1.7007935816465904,1.3670056828283559,1.0886764482058031
2023-11-22,1.4361324196725738,0.2472124840957,1.733221164874629,1.5630521720893755,1.015197173245065
2023-11-23,1.6261961579773476,0.187724588124144,1.5889542724093342,1.4299449893203322,0.8461991273747196
2023-11-24,1.5522165841095932,0.031102860103992717,1.474448484168154,1.51701292835637,0.7601459578832533
2023-11-27,1.550489253849691,-0.11941397530608944,1.3842055158932927,1.6251655513399854,0.9123292603390014
2023-11-28,1.5181711831698936,-0.27552487431161454,1.4028173571059581,1.7122151374772485,0.9698113650792299
2023-11-29,1.6721680713014426,-0.3106320575965134,1.4922580247832489,1.9942216140067552,0.9220248573887069
2023-11-30,1.579904779712028,-0.386735089093356,1.4685518406451523,2.1844013163249456,0.9258714350354362
2023-12-01,1.6883048416741209,-0.5560554490519445,1.4005461542820556,2.4337791193741443,0.7781065015194444
2023-12-04,1.8478030123325317,-0.42517086419145017,1.4759248831693685,2.6686611591224154,0.6873847743523839
2023-12-05,1.8022617268967256,-0.3052786026018808,1.352007759598402,2.558257886192622,0.5860425211487517
2023-12-06,1.5811278530199688,-0.30758536913105405,1.3239101380958986,2.7833042889125603,0.6625919236913674
2023-12-07,1.2556670986327871,-0.5973896035652445,1.2713099363896863,3.081398155298091,0.4823260864050557
2023-12-08,1.2067209269814576,-0.6732224312486977,1.4149971225480114,2.9836696513539795,0.3475703040008297
2023-12-11,0.9395728558468442,-0.7419614249834825,1.6643734314994476,3.1667149578161964,0.2679577410023851
2023-12-12,0.9190148641019624,-0.5860606398114934,1.214448014101164,3.016638841753878,0.19795555588837868
2023-12-13,1.0843035106305554,-0.6989400757349402,1.181695561022697,3.1032304480488047,0.08678428227068248
2023-12-14,1.2760300848216577,-0.672063683157393,1.2962566519957996,3.218171861424537,0.25109983838891253
2023-12-15,1.398518798593531,-0.8555827089247667,1.1064795022855796,3.0488037972834365,0.4542504908811291
2023-12-18,1.477600809798319,-0.886810312403489,1.0645133946578333,2.87710256249927,0.6724431381007316
2023-12-19,1.5999057235042113,-0.9814124213661588,0.985039003599317,2.7961798172176677,0.5532568125147191
2023-12-20,1.4324890133025614,-0.8022253349822033,0.711465679141563,2.175253113245347,0.7405434238509709
2023-12-21,1.5299694093357767,-0.8629984302630304,0.7469842029533085,2.4813673043673057,0.5766855427479258
2023-12-22,1.8132158579658457,-0.8007237152622685,0.7263149161265655,2.6590595104641466,0.7572031818340211
2023-12-25,1.8155196376477811,-0.804936068172737,0.7138936699688688,2.654411907073316,0.7569382329779427
2023-12-26,1.9748197440743283,-0.8011817476816254,0.8714520492978458,2.58038906764027,0.8804762342071571
2023-12-27,2.074780287245547,-0.8689237493501821,0.7879114484677752,2.615283396682997,1.0851990207031923
2023-12-28,2.042282685931611,-0.8267202077590027,0.7500143862770083,2.6874647248526284,0.993288697005102
2023-12-29,2.45406827801686,-0.7735084902281331,0.5813175584323227,2.5240779142781364,1.0233630544542842
2024-01-01,2.437448525042545,-0.4576465146722199,0.523790930807728,2.469545530581867,1.0984011093952453
2024-01-02,2.3193572728832583,-0.4448679390222384,0.39852083079676315,2.4393291048652066,1.193201623857708
2024-01-03,2.226309083763977,-0.404836371381531,0.5594941101482076,2.2515977621663867,1.0124106336332868
2024-01-04,2.276364959259879,-0.4739625613615571,0.5666034895827333,2.548051199664805,0.9109752959739084
2024-01-05,2.484817409232974,-0.47831738830761444,0.5567524007847063,2.632916775615255,0.9212444785323819
2024-01-08,2.3406752093281815,-0.27883041392677543,0.3447208203182683,2.1939896639483076,1.0873059456589056
2024-01-09,2.584951333443244,-0.23650791737989263,0.27863396529934115,2.1641954257439404,1.066699690507603
2024-01-10,2.7078094651808726,-0.25751398969346434,0.13443177984449325,2.3192803542783054,1.0318326559461213
2024-01-11,2.90325988610202,-0.2933668693209764,0.09542715877144795,2.307508816532339,1.122841095326603
2024-01-12,3.0985747281869176,-0.2885561435411974,0.1525964031717219,2.5592703665441796,1.3989098435870997
2024-01-15,3.2521933989972114,-0.2536459792469512,0.18838260660946823,2.52309190519876,1.4588297977439786
2024-01-16,3.252503348766683,-0.1948586608322223,0.09814173426259858,2.4142222890262355,1.1956570142954395
2024-01-17,2.9006432089697616,0.07383435285842144,-0.03886818540194715,1.6585493780014977,1.7307843504682598
2024-01-18,2.979389878766406,0.08735854113813361,-0.05386163081246138,1.5576076104379641,1.7509155255572288
2024-01-19,3.1650524820721118,0.09612614655318298,0.040371444848945906,1.8193858597410661,1.7379665492654086
2024-01-22,3.1621749931919747,0.10003164561189681,-0.023184403045033383,1.871674118505782,1.727613257108958
2024-01-23,2.7757494038222985,0.26518829121783527,-0.34247796859310914,1.2857243920937742,2.148742335664626
2024-01-24,2.8816023724092172,0.2549572844950257,-0.009508005134706959,1.5849696097142534,1.883353726807687
2024-01-25,2.818185358448258,0.09835434514744416,0.07466308860893886,1.4530562755948329,1.7639335961721698
2024-01-26,2.789614826259824,0.16421957958997568,0.04562646590906285,1.4764318744713025,1.7188157380552818
2024-01-29,3.023948203737636,0.06686757326234079,0.16612526448675008,1.6036187461532587,1.9941667275362345
2024-01-30,3.0692927536053602,0.06012742697129384,0.03617762505738779,1.2872096512059434,2.260070771145754
2024-01-31,3.396159989825611,0.01650071274810851,-0.0216502962516523,1.5977770179155746,2.370965844208139
2024-02-01,3.500377637605741,0.022265215533529215,-0.11476266804935163,1.7662129680518257,2.23012756757584
2024-02-02,3.637376179169976,0.03851428557641122,-0.04752898648024616,1.8768069185498633,2.4144329761290275
2024-02-05,3.6638679356181636,0.07846799017457894,-0.040575598010021544,1.5846957241126585,2.543313365712458
2024-02-06,3.657482918081772,0.1293634925897001,-0.14734991965273947,1.8190035775841906,2.6589988715808963
2024-02-07,3.8897339776142537,0.1487316388199165,-0.20141688272815264,1.7989063623414332,2.770145830587268
2024-02-08,3.90115888440956,0.1859124371432349,-0.21695197765659652,1.3634441181734465,3.1438260641407028
2024-02-09,4.075649459726445,0.07813860093595858,-0.315973110740102,1.3331862196594122,3.2170288664377176
2024-02-12,3.920279701369088,0.5366118327804944,-0.3875771229147435,1.007647167841639,3.579134652394414
2024-02-13,4.255751453819416,0.5456337756216311,-0.26200163097058365,0.7501294112329862,3.3669253479524803
2024-02-14,4.373634941197057,0.518902922490473,-0.21077993553983132,1.0145788600971053,3.1776721660104448
2024-02-15,4.575187561227408,0.5864194772616333,-0.059970487581363766,1.0161004024714835,3.205807251453029
2024-02-16,4.66507716624322,0.5283935090469198,-0.06467679332600722,1.188503802995882,3.1416232344051096
2024-02-19,4.707614775600088,0.48822980231721663,-0.0736311637076762,1.212366713950406,3.0912802471230907
2024-02-20,4.8798202762594824,0.4342587775577202,-0.04842301924270792,1.0862856667962975,3.271005526366043
2024-02-21,4.657268456982116,0.36632865223392996,0.014950766646945848,1.0681675043985495,3.1384785103481327
2024-02-22,4.811943531804791,0.34122457397114064,0.13937284764405292,1.29723512424587,3.0555377513885076
2024-02-23,4.7545932118442344,0.5346556751265423,0.013771550620376086,1.3927069957662344,3.000116942053799
2024-02-26,4.672358847459927,0.49671958194972576,0.1215606184533111,1.1597340956339528,3.1708412285156142
2024-02-27,4.866210419690607,0.5906635964966355,0.14691840322996824,1.1685410035222954,3.445945355841108
2024-02-28,4.660079531219111,0.8943599843124694,0.10125929493797858,0.6843461369684479,3.695639975123379
2024-02-29,4.759916097397746,0.7895493255420492,0.08860535378993262,0.7746232776716409,3.4391112605154497
2024-03-01,4.85422785541257,0.39390095826285015,0.352671358799114,1.3245253307811564,3.320550287883227
2024-03-04,4.830883892410373,0.3391982256894378,0.3887983796175091,1.5477769205282337,3.3568946480670316
2024-03-05,4.9941452711648155,0.4311411263334284,0.23552210795712297,1.4031996345372033,3.373659005125097
2024-03-06,5.162025578504383,0.5526436515494758,0.22428866938646166,1.4478840993161814,3.295858840555885
2024-03-07,5.450432915479295,0.4878703753604066,0.06119509503173385,1.4459699296569548,3.3927421100461155
2024-03-08,5.333191232465473,0.6561695962906583,0.2359011910314481,1.5246550472502625,3.3552181893010693
2024-03-11,5.264252515476007,0.6288896461753786,0.2308770807522921,1.134619352539873,3.4287024465364135
2024-03-12,5.383190025307476,0.7221058368924949,0.014539013498159744,0.9254045796094036,3.411906351552809
2024-03-13,4.917324892232463,0.6982688916391462,0.0849075644816424,0.4972518208773896,3.8412947152034707
2024-03-14,5.161442786930392,0.8780408944473145,0.03598459917209,0.776212867542311,3.6965856673564033
2024-03-15,5.11108949723513,0.8610098200452263,-0.1010065546715458,0.529748151716054,3.6634811101767704
2024-03-18,5.209284577825315,0.8986624725834316,-0.09972935561237133,0.5057607891684688,3.660958245285325
2024-03-19,4.865028655457778,0.7214163430160104,0.017414836301496855,0.23597853092121887,3.8926372396324096
2024-03-20,4.8251189791059055,0.716196161761025,0.010094455810111435,0.40526027252087415,3.915284016419697
2024-03-21,5.027876065131279,0.5110184625837086,-0.006952855176282995,0.7912586575795152,3.653356152655888
2024-03-22,5.0706809318591795,0.47522712244673543,-0.008272928889643536,0.955828133754605,3.478356557747322
2024-03-25,5.045066751205426,0.4980251709582077,0.010240670150375898,0.9000182992692697,3.4607045604786175
2024-03-26,4.886193264479672,0.44558763078560226,0.13154061073206758,0.8097076665327603,3.697597610504471
2024-03-27,4.862388348327299,0.4176241904670182,0.2817876024069803,0.9331293476214129,3.600745995471707
2024-03-28,4.8402871653120485,0.3146037521085321,0.5847414756576198,1.1406361986683677,3.484266459823821
2024-03-29,4.826505305678881,0.33415874461079165,0.6003088024456914,1.1435308344901416,3.4779316727597647
2024-04-01,4.87384188513967,0.0885092931627446,0.5748863538338184,1.4403439809341483,3.1249662977581303
2024-04-02,4.94086081406274,0.006587058322957934,0.5339797516674686,1.412037736852635,3.0260587569927764
2024-04-03,5.05276463810352,0.07880600169169877,0.386611198869686,1.3492913353180112,3.0720942944588416
2024-04-04,5.151161410300802,0.0558189058924933,0.41686095208546364,1.3706300041627755,3.0338526576126164
2024-04-05,5.2440803668223905,-0.05375955609346543,0.4750045678107426,1.2997357042579465,2.92960745068469
2024-04-08,5.170978930289975,-0.1018545300646821,0.47192725006579944,1.4423784518731126,2.9368453463681186
2024-04-09,5.302723049611048,-0.009317973860446319,0.34127736328445146,1.3008270321996456,2.9281468123043166
2024-04-10,5.3172852917985445,-0.01878749659535915,0.4902541080407571,1.4291756450022006,2.830122414344739
2024-04-11,5.287698478822197,-0.030266950050078734,0.42342055802481393,1.4507089117623424,2.8601941146271406
2024-04-12,4.9597150620470085,-0.16851580690916385,0.5225234781460046,1.1663172688769299,2.9705300908956715
2024-04-15,4.613375502362076,-0.24702285544292085,0.27399051059018364,0.8455633329850988,3.3212068062967743
2024-04-16,4.204796709795526,-0.42258960342721086,0.3000495988668112,0.992667289555697,3.3238287696903157
2024-04-17,4.173815791000419,-0.37963425407339324,0.23972677938549172,0.9831601001362954,3.3064810336308548
2024-04-18,3.8976642583787315,-0.44033033116493825,0.2180017362412167,0.8575311182355569,3.5516078442163748
2024-04-19,4.036323993586008,-0.6045973805930743,0.13404838578780356,0.9572448462375471,3.6203877407444707
2024-04-22,4.1390061097224775,-0.6272791814982628,0.12308103736517095,1.3090555418834284,3.2665235587556145
2024-04-23,4.234615446492336,-0.8449706349893333,-0.014915531844827306,1.6144398838648768,2.5859351499979235
2024-04-24,4.251797299784247,-0.8091625073516233,-0.03177232753979208,1.7063326044973945,2.4803880377017755
2024-04-25,4.352633506743586,-0.7402076109413466,0.13961432361859485,1.8285062850394103,2.417016124177736
2024-04-26,4.170639188523519,-0.7112110848407854,0.25045883982796996,1.781311938223416,2.525845449155013
2024-04-29,4.109560915847131,-0.7402258007332994,0.32801136091250277,1.9098563622977203,2.5655031906063472
2024-04-30,3.583878103282036,-0.8584682265543045,0.5612191680589687,1.9980318484481563,2.3040409694750976
2024-05-01,3.5360332418607876,-0.8082247002553399,0.43313558035752614,2.064449289662855,2.2976195117484823
2024-05-02,3.4933074028835485,-0.8282116622554107,0.5135214777396052,2.1261924547116866,2.37675181829059
2024-05-03,2.9886591178944566,-0.770220575608059,0.6566067534678202,1.9723023575677787,2.5566187209648557
2024-05-06,2.9416618219311435,-0.7179967823545396,0.6298277514761925,1.7631232564697392,2.8348243050398567
2024-05-07,2.657735151603524,-0.7148260347981045,0.6353324898082708,1.5470067599893809,2.744653863916422
2024-05-08,2.7004296582083898,-0.854665361058296,0.6768699764868907,1.5189094566805557,2.717080728636162
2024-05-09,2.7032351981605087,-0.8693108245456076,0.16225094241143234,0.8231794652812617,2.9980603998493947
2024-05-10,2.730461347208748,-1.0169627290244956,0.18169254082830658,1.0454735080978674,2.9362585314188547
2024-05-13,2.5403800920800257,-1.1385304805550882,0.26547212252302954,1.3258296900771553,2.9058541074680355
2024-05-14,2.5609763221756876,-1.3407844317551667,0.24444786482045328,1.4906741249552244,2.811503758227743
2024-05-15,2.608105405440739,-1.380025054181617,0.027297469134633313,1.4258225008792882,3.002781195887562
2024-05-16,2.871205332145799,-1.4852383392723565,0.2028846527425623,1.5726490037654801,3.004585555286447
2024-05-17,2.9185359364755716,-1.6928850432704692,0.13584563060117902,1.6201053930663143,2.9698991101322454
2024-05-20,2.9386201548382576,-1.7393135605866776,0.13481843949209174,1.6491554420995618,3.0046855416932683
2024-05-21,2.933146713050329,-1.63904354425622,0.07857146185847702,1.6520012386065845,3.158776510362605
2024-05-22,2.93919752979806,-1.5141619297149753,0.18180826582057671,1.6942564602239145,2.995826819330711
2024-05-23,2.9538257114695523,-1.5903209155284599,0.2824580285641391,2.085155374921725,2.769097059706776
2024-05-24,3.077260278188351,-1.6052902704393444,0.19272448942908094,1.9341576293882945,2.9487314777464855
2024-05-27,3.1320843131606297,-1.6636527011142384,0.1606600330519324,1.8703646611506997,2.875978227196122
2024-05-28,3.056146198891722,-1.6309648436419064,0.13928152219195689,1.746760613348024,2.86081398376955
2024-05-29,2.655571882637392,-1.7030018678021557,0.13899983710375274,1.6601145193035876,2.9356747075463643
2024-05-30,2.0111528791178808,-1.929812378101443,0.0025260176565544117,1.660900943682604,2.758137411932447
2024-05-31,1.8534062254590549,-2.20852814602849,0.07527684792702859,1.8112124749875582,2.5405779184617936
2024-06-03,2.1208034067002464,-2.3983290299965505,-0.010440099891002228,2.6134950236481154,2.0800944745632277
2024-06-04,1.1963268323845524,-1.6200985400307595,-0.5985502984102891,0.7653141826580688,2.8566736266215433
2024-06-05,2.343333809637153,-1.625795597938031,-0.6202936397494198,1.850380543116606,1.6389576089931315
2024-06-06,2.6761181852504783,-1.8048965733462514,-0.5484555840331797,2.0150677335323697,1.4077007668967727
2024-06-07,3.0635152234627965,-1.710898229290642,-0.3029291271629202,2.286442109887219,1.2927141814069272
2024-06-10,3.3478697306481395,-1.7659252983005225,-0.30220588229153955,1.9786252953116088,1.177070064292307
2024-06-11,3.2540024561208227,-1.7672195576575758,-0.2913485434783632,2.126678808401747,1.1816626794203358
2024-06-12,3.2134142637344314,-1.8138355270063722,-0.12909656184103635,2.1977014945700706,1.1755600829864261
2024-06-13,3.1655551041481393,-1.7200418637268726,-0.3249315759248944,2.270544631763836,0.9892799897902493
2024-06-14,3.189032281210938,-1.838315493367057,-0.3301269144024966,2.318978959171092,0.849435472613629
2024-06-17,3.1998794375635167,-1.8142492284974925,-0.263745213763268,2.2750229397361768,0.8135147164669526
2024-06-18,2.9769441811860538,-1.9429207786865381,-0.12685132446277197,2.5578265173059034,0.8573739829974658
2024-06-19,2.763248897053603,-2.0813884199816552,-0.049831586261191926,2.555767855359949,0.9870927679738832
2024-06-20,2.56878913296609,-2.199957747390898,0.02496687213676401,2.7275817458593625,0.71768880933997
2024-06-21,2.4103743238111006,-2.1779820117288344,-0.10571181257016207,2.5413191302996254,0.6202792730504619
2024-06-24,2.0796450152262587,-2.3800082774800977,0.06628323273187578,2.868091667774895,0.5966684784831198
2024-06-25,2.1762481476752646,-2.295197489882222,-0.06316603798745861,2.8177318262326327,0.6768376557235838
2024-06-26,2.1768993711227953,-2.1191608650358447,0.0846207302751407,2.7864959202260953,0.5708780304311328
2024-06-27,2.4129819570877915,-2.126592477047164,-0.009103922359854855,2.7213732731782567,0.6737192739905423
2024-06-28,2.5085695880552072,-2.194755701615727,0.030791357871602736,2.6867795837103134,0.7875779183574838
2024-07-01,2.773010297682956,-2.077087481168386,0.17174219695327703,2.724517223507725,0.8666891823554078
2024-07-02,2.6573571251071955,-2.0853926707560486,0.08599620070377624,2.7363004219616793,0.9805032023763444
2024-07-03,2.758425849936406,-2.2631787350266883,0.28418387248849253,2.9398691049878827,0.9038789160919339
2024-07-04,2.7800211729616846,-2.2197086836070388,0.31164786071225437,2.967237215294242,0.9128670752882944
2024-07-05,2.981817270516183,-2.1138236788878992,0.1753047712795351,2.968970530196782,0.8965780322651877
2024-07-08,2.9785934519087394,-1.9289746062117308,0.20915826261861328,2.847444634672728,0.8903616437672875
2024-07-09,2.813648380376287,-1.9525380862177955,0.3993934288587693,2.987763733984202,0.8491541442458617
2024-07-10,2.6108580076423338,-1.93131795956156,0.4884601045116559,2.8713957466198923,0.8809629158293962
2024-07-11,2.5727253091827325,-1.9294588388730722,0.5275915587472612,2.921002281023031,0.8734193841787719
2024-07-12,2.3866430181445017,-1.9641365554747494,0.7628765462319401,3.0685078881793664,0.7167331935013171
2024-07-15,2.7094318290437935,-1.9645645153713027,0.6697960435436853,2.9018058393944592,0.7650828126896771
2024-07-16,3.249309205100455,-1.814844416882106,0.29841165730117025,2.4580724996237855,0.8019269778449529
2024-07-17,3.2387717063484827,-1.7976534785712606,0.3710386024824817,2.482115398362913,0.7952689272203463
2024-07-18,1.9411815918717583,-1.8998097034199461,1.0981914183725616,3.509197435265352,0.3990370029189348
2024-07-19,2.3315945703218754,-1.3054845114494373,0.3527261107235958,2.6972816397771426,0.31413368314598095
2024-07-22,2.551532198125216,-1.1932176434642008,0.21405381323610376,2.5440918171332316,0.5062774592692257
2024-07-23,2.8606644260798566,-0.8235417199610149,-0.02755178480835169,2.4344692501622474,0.3668426185652528
2024-07-24,2.848116125391329,-0.9002274734167991,-0.05673542181503501,2.44127634684558,0.4018563679746945
2024-07-25,3.0361643048492075,-0.7385518267240586,-0.11150280813521858,2.1172914131839446,0.37277576931413603
2024-07-26,3.4124607311031983,-0.8192974302051842,-0.20284780042593112,2.437615928486851,0.3190880230983288
2024-07-29,3.9251443856879322,-0.6417115792890714,-0.487357851117475,2.067337569459147,0.5295883332336601
2024-07-30,3.8190149041183514,-0.8106200654866343,-0.6010795576970381,2.1197000651821973,0.5070437067344363
2024-07-31,4.102192257607618,-0.750639493998406,-0.3912797610780339,1.9110614780169857,0.5967553619626332
2024-08-01,3.9444505379080015,-0.7771378291221639,-0.4599619103843651,2.049394337949711,0.5576175826841868
2024-08-02,3.928978588840567,-0.42512533177082645,-0.8764758751214791,1.538367869372416,0.7541851330075798
2024-08-05,3.1948476273529582,-0.14803512879196612,-0.9270654848832529,0.6774733978648123,1.3047770906886422
2024-08-06,2.949864130777412,-0.15632348427975637,-0.8143634659842124,0.79995131428455,1.1261800264730035
2024-08-07,3.212444910880308,-0.12261566609050045,-0.5469117145751344,1.2201719088209313,0.8289438714700134
2024-08-08,3.16102742157034,0.014758117384606152,-0.6606365173510645,0.920124274358576,0.7863107002513042
2024-08-09,3.418650830959666,0.05191763441695113,-0.6090003881589826,1.1634637654584463,0.6868057122726624
2024-08-12,3.3410486636882295,-0.0264612172198848,-0.40608423970193236,1.1318598070515242,0.7526114608617229
2024-08-13,3.090010516481232,0.14146844746059445,-0.47169626960400257,1.0516215156081632,0.816638710723929
2024-08-14,2.986551929104958,0.34503751204345445,-0.42305038804600753,1.0766458708655609,0.7720237048203201
2024-08-15,2.998972427863286,0.2620391345292717,-0.42133079838799875,1.0767543611416823,0.8353059679652598
2024-08-16,3.503560999966195,0.30016199839113744,-0.42884000225871444,1.4926076515367934,0.6138804219831001
2024-08-19,3.5684734009085552,0.40470047546846066,-0.5276522305255709,1.5932961556160525,0.6300479212617739
2024-08-20,3.6884443716338526,0.4917909802581457,-0.4807948737170961,1.697199204503718,0.5595141341411026
2024-08-21,3.590245158764742,0.5017365152653394,-0.4871390006877657,1.9171535436428033,0.41653151668107397
2024-08-22,3.7194482441148953,0.60516026218151,-0.48593289434717285,1.9416850221772812,0.3735103062957583
2024-08-23,3.4799776515942256,0.5719450798604748,-0.3120190586492878,2.0198619752740257,0.3627232181070788
2024-08-26,3.832744280139454,0.5721464895423732,-0.16503478913269462,2.051940779668884,0.4385078597140744
2024-08-27,4.047209119633159,0.8869660282661289,-0.5402426878854055,1.903373895478915,0.5622751824727096
2024-08-28,4.155915567863738,1.0756212405654737,-0.5606813772936857,1.7375184705508606,0.6840481009613271
2024-08-29,4.36478483968866,1.0839780671880983,-0.6876188234863597,1.7309672546037742,0.7011837862750032
2024-08-30,4.403080226917665,1.3536426059170537,-0.7436151917632432,1.805824449431178,0.5797107012628482
2024-09-02,3.986212321145693,1.1849358082076829,-0.49386078931916194,2.0293733722651575,0.46299210308826877
2024-09-03,3.8126038582843456,1.262745845258094,-0.49071571093598626,2.2698669735218133,0.5821975717993525
2024-09-04,3.734328962094135,1.5238533760282733,-0.7743467448380126,2.2409495584081993,0.40890279728829193
2024-09-05,3.600718407268298,1.4988327481069108,-0.8143703590789818,2.2735021201775387,0.38584236102787833
2024-09-06,3.399535995216241,1.707468539901702,-0.763044819424385,1.8323689071572915,0.5446958000606623
2024-09-09,3.6666921696126216,1.7701732549886682,-1.0431522008923428,1.959361663667024,0.486043240370448
2024-09-10,3.790593764565844,1.8420958301960821,-1.0149452220520099,2.1194712502477553,0.5193613187188404
2024-09-11,3.6207714197947682,1.8032561178198925,-1.1061287473943306,1.987332179188863,0.5815619156409219
2024-09-12,4.082877432287257,1.7619690936953207,-0.986179412438888,2.1615990477817046,0.5655030170888293
2024-09-13,4.139614392808364,1.7815781616453061,-1.1185945119704408,2.1153648610772673,0.46524611931779325
2024-09-16,4.039393839644668,1.6829548930737477,-1.043031186382507,2.277126390557964,0.5492352797023533
2024-09-17,3.3419496194824148,1.5086822497019023,-0.4836986480226654,2.77871707125531,0.42096653373586046
2024-09-18,3.5895924445149094,1.6036934180403886,-0.701397366332239,2.4296971901678366,0.3503628524920027
2024-09-19,3.8696065334880636,1.6954194193426686,-0.7163744600731002,2.2846502782259708,0.23674139509737138
2024-09-20,3.844540231346687,1.508024372602553,-0.71590623137527,2.5690192611349754,0.12743029121487137
2024-09-23,3.9531244135815644,1.5962105014999461,-0.719926193828688,2.5646012481222717,0.1816078785335201
2024-09-24,3.988469374212405,1.553716199036897,-0.6013783149462802,2.5676284668786504,0.22099030231914848
2024-09-25,3.694208245179925,1.439713709475317,-0.6274732800503241,2.8802732522267154,0.1030560817184317
2024-09-26,3.622820546711997,1.6077633272152816,-0.6034368021555125,3.0306176259982123,-0.10784601527809352
2024-09-27,3.838753508198934,1.825620912312886,-0.7446474751210372,2.7353920804749743,-0.14078667689922103
2024-09-30,3.5525289005352105,1.8310141924966596,-0.9029449861413267,2.5074142420809227,0.13920384842521658
2024-10-01,3.454826701657236,1.7783651007485226,-0.913284778904611,2.673902550612873,0.18104608513812215
2024-10-02,3.455138530753217,1.7116032288070422,-1.002939284922881,2.727519048172939,0.23897013639268297
2024-10-03,3.1981686956624045,1.9125175125438059,-1.1701436181596094,2.1589798678678815,0.4969910029295463
2024-10-04,3.065481767285892,2.081638399238345,-1.2269210757679443,1.7544017440927027,0.5809070956202422
2024-10-07,2.946528457584795,2.0389623304907056,-1.225033248501507,1.417058004536425,0.873488280167099
2024-10-08,3.2517095225085266,2.1656085228921986,-1.265342365933282,1.487338085597843,0.8575126987113517
2024-10-09,3.428428799462966,2.276423314985994,-1.4921246414011011,1.4609167543364951,1.082238644256639
2024-10-10,3.406809704660998,2.3125551011299885,-1.2700395892221241,1.450629602942075,1.0228486438540676
2024-10-11,2.850335501172682,2.132052845582891,-1.0374686164815035,1.9596362817257673,1.0912339149500292
2024-10-14,4.0346598616101,2.5165773420471234,-1.6893063665602515,1.1748484288031067,1.2504711545257445
2024-10-15,3.196789340675425,2.168954682472681,-1.400446020845457,1.786071580546227,1.2202779517750213
2024-10-16,2.890942930160941,1.9928440800879323,-1.4911252054160415,1.998337422528998,1.2138932497094768
2024-10-17,2.2934527089006687,1.8741597764424578,-1.488511920792875,2.0120428812484317,1.2524848664779205
2024-10-18,2.2986106827992496,1.8613951957711887,-1.5604722134001434,2.1691882786746564,1.124043761824151
2024-10-21,1.7735939739466031,1.9495716696483258,-1.4043161369440926,2.092646879157732,1.1168987886366852
2024-10-22,1.5212558473895332,2.027656556853633,-1.6669380345870595,1.7647620304143303,1.1349986446063687
2024-10-23,1.5107049114163638,2.181019268040126,-1.591650056605992,1.6508309040696483,1.1492564616333227
2024-10-24,1.241273344998045,2.02810568967766,-1.7114085660921825,1.8396998445376886,1.2781613188558465
2024-10-25,1.30604285205472,2.2165676768065343,-1.9012344328572786,1.472709238885916,1.4416936946704606
2024-10-28,1.4998695023776893,2.322715169192041,-2.125364804767458,1.6450502355073333,1.3441870783997314
2024-10-29,1.49078328427573,2.1570567207640634,-2.0477711565052323,1.7651321467513905,1.3429282043038633
2024-10-30,1.4717123665678697,2.147189134412916,-2.014249928691784,1.5628107412499517,1.3634829332021814
2024-10-31,1.252785806924559,1.9302868542986749,-2.032858253118424,1.4249531021266215,1.3181575384958262
2024-11-01,1.2941193421358197,1.804533981073683,-2.083457767738364,1.5473504296867493,1.2744118993551161
2024-11-04,1.2450859266110041,1.9412102808726293,-2.21421012617715,1.0925768919782304,1.4667194467501927
2024-11-05,1.3550198957952702,1.727598238652783,-2.1327931124771142,1.3175389424916095,1.370632838052515
2024-11-06,1.5391743858184628,1.778121752188365,-2.071281297903511,1.6085813909811384,1.2718652018197327
2024-11-07,1.2421481131789742,1.68350908844003,-2.283691811299383,1.353045603502929,1.3496653262050873
2024-11-08,1.2973416396786375,1.9379655429031428,-2.473767922475766,1.1334326274167086,1.170202765602167
2024-11-11,1.065790281986366,2.0546859226551497,-2.385139684054713,1.1668137552014695,1.1479308976703775
2024-11-12,0.5337076493616951,1.7969676723930128,-2.3155100429581092,1.0688965284713583,1.3586389470164633
2024-11-13,0.13891010286060276,1.8794331082501479,-2.3896369638802,0.5638750172722152,1.5025299751147267
2024-11-14,-0.29623787093566073,1.6474927956742975,-2.172144659156906,0.7222388353622966,1.5299572160957233
2024-11-15,-0.31478593154256046,1.748787746989472,-2.157866662264092,0.6819197587198407,1.453139839200775
2024-11-18,-0.6335125054258193,1.35545275068836,-1.8547710421584427,0.7487473154916818,1.4741906180674655
2024-11-19,-0.7180089124182162,1.3722903941697955,-1.7766454119031594,0.9288986847646837,1.4763301116434449
2024-11-20,-0.7159026546344466,1.4027070177353556,-1.726936546743418,0.8858505023893654,1.4483272778219065
2024-11-21,-0.7231601829227502,1.4464446318855482,-1.8716043060001337,0.6304646789475528,1.7123538526710944
2024-11-22,-0.5044669338840602,1.224213788181061,-1.6708769869665199,1.2281382810808648,1.6451489684634653
2024-11-25,-0.4472748153244469,1.056841905394952,-1.6802229755907152,1.5221640578794622,1.2971361652321132
2024-11-26,-0.5807890787951531,1.0417104730660813,-1.7790792451403872,1.584009761040503,1.326933022359159
2024-11-27,-0.5428046928301111,0.8807334974051274,-1.7633388364678253,1.589285790039914,1.2810749816424059
2024-11-28,-0.5850725822812622,0.8956089729282034,-2.005282487239611,1.1291108249383537,1.4360068747746173
2024-11-29,-0.603361707393638,0.8143918247928553,-2.00210892731553,1.3790317817802618,1.311593046664209
2024-12-02,-0.8717149983862433,0.522367838595808,-1.8035908633115025,1.8390054029961653,1.5946693580366724
2024-12-03,-0.7134336495235749,0.3537190969525365,-1.580306792092508,1.8527675509906254,1.5315223099675317
2024-12-04,-0.8406322101101338,0.11778134789414364,-1.6014910298421876,1.920272102346777,1.5268147827222176
2024-12-05,-1.3811809738483645,-0.10337074174678824,-1.1484270906715741,2.3282041591280573,1.163780725148648
2024-12-06,-1.4918983281903548,-0.07828553814744796,-1.284127366307405,2.4038692259027417,1.066784148336512
2024-12-09,-1.682816619304033,-0.19704871774626653,-1.2304823008316013,2.2540676650052007,1.2810651361530319
2024-12-10,-1.9886099649861901,-0.35877522695520353,-1.2497973964429558,2.460635105422483,1.1826099104804506
2024-12-11,-1.9149730446040574,-0.42586617677975175,-1.3321843667189355,2.4501379352706847,1.2898845176522302
2024-12-12,-1.7485316829228341,-0.4001400808347054,-1.5876288120276398,1.9908210289234027,1.4189727777083028
2024-12-13,-1.1598763131036547,-0.15415823086258953,-1.7785328900741817,1.608578008603624,1.2071699071356876
2024-12-16,-1.3902559942969408,-0.17109893064077142,-1.7313607656380752,1.5747270156270392,1.2702626755790725
2024-12-17,-1.9241886085071023,-0.22565989771113415,-1.6677750419254016,1.3381845976276159,1.3974841810312137
2024-12-18,-2.1989624225057773,-0.10389215405532543,-1.6476984869616162,1.2389033702077101,1.4810458295501112
2024-12-19,-2.4659079100570285,0.020329557985883418,-1.5795527671447127,0.9056678498859306,1.4951668703222354
2024-12-20,-2.6240814610458307,0.18744829481034234,-2.0386927877677112,0.31021527349286016,1.8375049308155889
2024-12-23,-2.5512609336645506,0.01742533238929823,-1.969432328027661,0.5877599931784044,1.5238353038648254
2024-12-24,-2.701279121476565,0.19799736173126462,-1.795458122559001,0.4516895744150528,1.298737559584961
2024-12-25,-2.7231784310088587,0.2276670577597537,-1.7930752604032414,0.4461707796547667,1.2859235808639484
2024-12-26,-3.131626190742836,0.05747195009887848,-1.5709055515231636,0.6031097644933833,1.3477237972840206
2024-12-27,-3.3475505468965987,-0.04968332559734732,-1.3234678088247338,0.8038777885824137,1.1749759029321174
2024-12-30,-3.9177682877396016,-0.08065792278151729,-1.0059468495227186,0.8246706028941909,1.2116876957546148
2024-12-31,-4.036294977924883,-0.25359644799673003,-1.0645613833764098,0.8839104203793575,1.3039300785462895
2025-01-01,-4.069738153864786,-0.36276624451370854,-1.016418434096728,0.976934663132373,1.1948366842103375
2025-01-02,-3.6778815663420814,-0.3807722917328713,-0.7550961570764719,1.4771328167709301,1.100655964678294
2025-01-03,-3.914145327110645,-0.42826081604970795,-0.82156239721518,1.3112861260821829,1.042734569746238
2025-01-06,-4.397991707738633,-0.1338595265979432,-1.082006951413013,0.6733817616933538,1.525884015143339
2025-01-07,-4.022943522719554,-0.2574507414846317,-1.1545807279993212,0.6095368888819076,1.4631037304522305
2025-01-08,-4.023662144402378,-0.21468041760973017,-1.3093476996231694,0.4709094211467145,1.4384184123576458
2025-01-09,-4.292627140439,-0.2017629609507471,-1.2812549903026147,0.1814152618933094,1.3183442386369533
2025-01-10,-4.594386753685405,-0.2439693675400486,-1.067030755162384,-0.0652095679856455,1.5000859987575657
2025-01-13,-4.992750007020419,-0.07502438909939173,-1.1184480882067016,-0.7074653551567923,1.8102370532132546
2025-01-14,-4.71113208853092,-0.09140139051379156,-1.214863072029113,-0.593603990584583,1.7619021610049936
2025-01-15,-4.526145170509238,-0.20659504743411536,-1.0775857881935589,-0.7514809203067354,1.8552273293413708
2025-01-16,-4.235162827234231,-0.286177359692628,-1.1886717648315035,-0.7557444370193136,1.933641062910836
2025-01-17,-4.17581813004434,-0.21028732030967315,-1.2535405253833805,-0.9533808668785512,2.007504087636789
2025-01-20,-4.163759354515926,-0.4204446042458828,-1.073083595206951,-0.75622842498745,2.023321433448427
2025-01-21,-4.504790391120229,-0.2813321229677496,-1.3187907031711859,-1.1268753596176213,2.160734635070911
2025-01-22,-4.719477432048184,-0.17535606251477778,-1.3174101186403364,-0.9919065476502645,2.128223704909259
2025-01-23,-4.812753566258432,-0.1418294910187212,-1.182063540937392,-0.7792486250445431,2.1322284446554294
2025-01-24,-5.012312255267426,-0.1160160299620155,-1.2967273436249076,-0.8878230744098004,2.1485370579958225
2025-01-27,-5.329942470778951,-0.15461723858941037,-1.5635499380956623,-1.284197713562002,2.2464474891953397
2025-01-28,-5.230476234253811,-0.11760258218078219,-1.4715911966848703,-1.2406740213607026,2.0974020134113887
2025-01-29,-5.143653550874946,-0.1339836590901478,-1.2283927774203351,-0.9292470135138806,2.113274231036458
2025-01-30,-5.365201116446081,-0.24864479409270263,-0.9931553058195841,-0.562849791433239,1.989499631846261
2025-01-31,-5.396032279660445,-0.34471514976173223,-0.6634105534893494,-0.0021212759033013865,1.6669657245405023
2025-02-01,-5.458769750097745,-0.3590122365208653,-0.6481905349014712,0.0006719083509411892,1.6685726467583677
2025-02-03,-5.775538500658877,-0.41700085551043137,-0.7068126979976401,0.011186089252538249,1.2746058004997993
2025-02-04,-5.687669704987963,-0.4435054152473224,-0.41758626036127733,0.4911034393999959,1.057983810654284
2025-02-05,-5.733308818090574,-0.4704560774273487,-0.5616886914941024,0.44129858927708265,1.0864000420156428
2025-02-06,-5.896946010288468,-0.38530309861455786,-0.6642460118343323,0.33824664662203513,1.141408105319746
2025-02-07,-5.846739405690502,-0.34428298345614416,-0.7029340899322963,0.3202824906595055,1.302014975100564
2025-02-10,-5.949971712000469,-0.2208505354674942,-0.9987266498097433,-0.18312949083037539,1.2841211195586628
2025-02-11,-6.252411160100317,-0.17015787521387654,-1.0835749502373793,-0.7271333954852562,1.5363737099170531
2025-02-12,-5.971288349706348,-0.014141539705091449,-1.3854106733261535,-0.9735130697126073,1.5148780943929934
2025-02-13,-5.625239162984227,0.15569699746943763,-1.701719501409756,-1.1998134946209376,1.5372554648274843
2025-02-14,-5.854400479029975,-0.01960775928350936,-1.8151044287848654,-1.4464067545597743,1.434652170811621
2025-02-17,-6.2964024550608775,-0.27268884922593356,-1.513708045121873,-1.1324046562025893,1.509622987105123
2025-02-18,-6.301224569751401,-0.22984447633913896,-1.4980949377313328,-1.3283191811339923,1.7294752712841313
2025-02-19,-6.381154094632248,-0.4169551781123392,-1.389026165397136,-1.2983986131030827,1.5647079039229752
2025-02-20,-6.556207753366771,-0.566961654349525,-1.3109090334215552,-1.081473392616227,1.38698350174775
2025-02-21,-6.924392947225822,-0.6070360523328104,-1.319269093276023,-1.1474888700421466,1.4330986858554449
2025-02-24,-7.474315689522234,-0.6937930346241317,-1.2447513088240014,-1.2147994903900232,1.419960363738301
2025-02-25,-7.416514671002433,-0.6437068910405299,-1.3069938015666414,-1.4164341420770228,1.3445532470992905
2025-02-26,-7.437153279651863,-0.587767726726394,-1.2411237972724258,-1.5078921572421327,1.3029421528780338
2025-02-27,-7.2872385554097425,-0.5592835301652807,-1.3080726164340875,-1.7659198935222424,1.2474292978741826
2025-02-28,-7.597964080325087,-0.5696886770464761,-1.415944192115145,-2.3906048764188856,1.375244894120858
2025-03-03,-7.481508154883094,-0.5239168232272343,-1.704189236712784,-2.3456433067531424,1.4090392100935185
2025-03-04,-7.30952894255687,-0.5919815587906758,-1.8743107783801418,-2.499427174118569,1.459648577218716
2025-03-05,-7.220433688203883,-0.741159897267967,-1.7056917105741112,-1.8333853143497119,1.3286018984744987
2025-03-06,-6.949662523826587,-0.640379141252892,-1.5639831438275387,-1.575593960325387,1.2253024593343498
2025-03-07,-6.903155758253196,-0.5749693623431833,-1.6384317047673862,-1.6798638587066879,1.2339078441146902
2025-03-10,-7.29528130869073,-0.6163728862864418,-1.5389288908587568,-1.7456510797263518,1.2917075977277344
2025-03-11,-7.5109758519995875,-0.6760776330289848,-1.4035208549096876,-1.6927919113561056,1.1154858110987298
2025-03-12,-7.452769269521146,-0.8520643676780773,-1.5241100341879956,-1.8374089180075628,1.011008277469575
2025-03-13,-7.391664138986466,-0.7289884486119299,-1.8539001711390417,-1.9362802806277652,1.1680496716381843
2025-03-14,-7.339462481133851,-0.8630782996456623,-1.8920916194946444,-1.8617152587931982,1.260260515293658
2025-03-17,-7.193458925071018,-0.7932424211369602,-1.99226675581471,-1.7637243383425731,1.1869498731998769
2025-03-18,-6.605660880117312,-0.8158729110475852,-1.947626082365793,-1.3998772684662752,0.9833944502007493
2025-03-19,-6.653463148639811,-1.1714387107761794,-2.0554228052247523,-1.061500665479797,0.6869276599493852
2025-03-20,-6.227641276340874,-1.0249476145455005,-1.9521443222010335,-0.7498039972294336,0.6730512826901336
2025-03-21,-5.996361178538274,-1.061077058455644,-1.8163533575627688,-0.6291449955939339,0.6600443266646326
2025-03-24,-5.720205801931874,-1.3511265704946396,-1.6112568222844093,-0.1807495470917476,0.8103597461940065
2025-03-25,-5.608514771456223,-1.4205564900854248,-1.7891602623822662,-0.2804736118628632,0.9876628811682179
2025-03-26,-5.7333079527644735,-1.4665820263573288,-1.944311798476248,-0.5289632134602151,0.9873773135969753
2025-03-27,-5.816302322517938,-1.6491292960298776,-1.9341899630147545,-0.33257416590316763,0.8494021977576129
2025-03-28,-5.868668519140877,-1.6920048257057199,-1.971977170634696,-0.3640699315668152,0.8428272163419341
2025-03-31,-5.806686869313175,-1.676602119793074,-1.8590321716829383,-0.46797203962114814,0.7699554402840068
2025-04-01,-6.233105241309093,-1.7036236594931473,-2.011162065552047,-0.9103917456488798,0.988858871650543
2025-04-02,-6.236617301622104,-1.8897174497255183,-1.7193577784145497,-0.590747670268051,0.7095276964487608
2025-04-03,-6.43078053987888,-1.8525784145778748,-1.9748356499481834,-0.4967467917116129,0.5316678432324942
2025-04-04,-7.104169360104996,-1.8518910714187964,-2.2444325209816833,-1.0133734214401309,0.3638542444903322
2025-04-07,-8.03260504281964,-1.7125600522284574,-2.3728848169006738,-2.220070107501681,1.366027821201739
2025-04-08,-7.586480055032119,-1.6488616939116656,-2.3260223141880427,-1.7657120537885067,1.0031815147728895
2025-04-09,-7.892820927568669,-1.7648712638589141,-2.2448070656940295,-1.933940262591433,1.039724409920213
2025-04-10,-7.883566164656701,-1.8170041649408262,-2.2660483374812275,-1.89651211453297,1.0966414794600052
2025-04-11,-7.60046396087978,-2.035079729577936,-1.966296050043963,-1.2555474663871364,0.5917876892073216
2025-04-14,-7.623038959160127,-2.022665103376483,-2.0906124257496224,-1.1615490251438836,0.5942104327808415
2025-04-15,-7.12797486999345,-2.400428861564679,-1.9166777178221488,-0.203293329469462,-0.03265467726489247
2025-04-16,-7.095442709898204,-2.6433582671866827,-1.8728077969437746,0.12764017200345415,-0.21583996721182946
2025-04-17,-7.18400677180196,-3.1086832328359346,-1.384709932027731,0.8309814328832953,-0.6087106950963814
2025-04-21,-6.951640298333979,-3.1140218090083316,-1.2847052816728826,1.1676291094374853,-0.6651049122579964
2025-04-22,-6.844514269930118,-3.215693285494466,-1.0864028690380325,1.2871175975516531,-0.7845718156706627
2025-04-23,-6.431430624723959,-2.81864130416159,-1.0754122308465888,1.3441278634766112,-0.6628524584831192
2025-04-24,-6.3233625455739,-2.7185608238985224,-1.256234468612429,1.2176297239615854,-0.46051939110664497
2025-04-25,-6.571346415993323,-2.7427026145377678,-1.5168842708579247,0.898089094631305,-0.2819599444272232
2025-04-28,-6.474916629034734,-2.901411596852037,-1.3434197343992296,1.4708367153496154,-0.40864013509413577
2025-04-29,-6.387578309906574,-2.9903673946185005,-1.4834295982621106,1.4024258699219758,-0.32415038772944105
2025-04-30,-6.400704647579839,-3.0320845601041984,-1.6380120185645157,1.4083264750805642,-0.23524361340382455
2025-05-01,-6.338165833808265,-3.1013977522367764,-1.5243358614627096,1.4318302274762507,-0.2016741268940126
2025-05-02,-6.259996237558056,-3.043246663323026,-1.649654122784462,1.2944226374059282,-0.27573331819068947
2025-05-05,-5.8333793741560855,-3.0882396554753195,-1.7386999359616808,1.3534359259306765,-0.2098802911458649
2025-05-06,-5.449397848965123,-2.993452883083647,-2.011917164657679,0.8196091061000161,0.06236647996790149
2025-05-07,-5.120451206679436,-2.8883219168483554,-2.1436864850466986,0.7185124279563965,0.07803662637731681
2025-05-08,-4.9246940268727615,-2.7292461889413273,-2.392128242757058,0.04626061947816824,0.2865195141423955
2025-05-09,-5.1720360299230475,-2.546639005794568,-2.6171668236428234,-0.25945007068333414,0.5919803774851106
2025-05-12,-4.016695281011207,-2.757863185484932,-2.0263587123975926,0.884126234421528,0.04618074540850918
2025-05-13,-4.166162675961789,-2.8726195884118715,-2.156008674683489,0.5420680720762623,0.16410660581446354
2025-05-14,-4.078913605062482,-2.9940766994344465,-2.0540403772463374,0.7920014593220019,0.029834210210967226
2025-05-15,-3.5888907296553487,-3.0266451787759037,-2.102822620257564,1.116443506016575,-0.0637907523220305
2025-05-16,-3.64883351008806,-3.0133744621421665,-2.0749233463385344,1.1891780900670577,-0.40747790856369615
2025-05-19,-4.113907647329379,-3.2682578673767715,-1.7994562243774481,1.4491191477367336,-0.5086324305148796
2025-05-20,-3.968394808959318,-3.06484686784996,-2.1097485276812002,0.888911262178489,-0.283169415146209
2025-05-21,-3.525552760953379,-2.909817817655122,-2.3970833187921317,0.9428268657618671,-0.41298411503007465
2025-05-22,-4.100214742127259,-3.273435261790547,-2.4799656054205985,1.0586657542688358,-0.5523223307535597
2025-05-23,-4.63429706731667,-3.6547118909845455,-1.9364335827776817,2.0145410213417447,-0.5442019976176018
2025-05-26,-3.8959006884060665,-3.54149003507543,-2.029227567828809,1.9236292290023858,-0.3504819342337748
2025-05-27,-3.870905079810714,-3.5705171698050133,-2.180852320372216,1.6800571586917834,-0.38038078752163523
2025-05-28,-3.1714525572556242,-3.2465211040727935,-2.4959128738604894,1.0327084094823362,-0.19804466478680083
2025-05-29,-2.6455963735317947,-3.046235176197935,-2.8033253478203357,1.0476503672090292,-0.3219800190419351
2025-05-30,-2.582638259273538,-3.1526786232783905,-3.01084021097534,0.9002284257563581,-0.27403056171017076
2025-06-02,-2.3384907436753983,-3.1027418423603645,-2.9830702666153974,0.6848258669262431,-0.17516241270871039
2025-06-03,-2.1139107098275383,-3.117132998040319,-3.3083237374056513,0.4798856687879688,0.12023137890028508
2025-06-04,-1.976197736242913,-3.009679786694751,-3.3623709060173868,0.5110771357271968,-0.10608203962569909
2025-06-05,-1.4498775867336589,-2.6479327732453677,-3.3802973716011118,0.43180805702971353,-0.020170129909907564
2025-06-06,-1.1756979270391419,-2.918809510364058,-3.2065124527973725,0.7592241710966764,-0.07692947965899008
2025-06-09,-1.320021160045742,-3.082632852252477,-2.8449421125359367,0.9663398728548365,-0.20086420265583146
2025-06-10,-0.9049500302185033,-2.8358495992185584,-3.061067557000939,0.8156585294867185,-0.048593646017746184
2025-06-11,-0.6306892673760257,-2.684213514047398,-3.039502232846346,0.6515530463446689,0.1309246245540415
2025-06-12,-0.8898909181666528,-2.588562419795243,-3.2749053243238544,0.39515159954792956,0.4783201117099689
2025-06-13,-1.2032503453456058,-2.6465331150712923,-2.90400085560419,-0.04529790113082153,0.48274627856667385
2025-06-16,-0.9976121109506787,-2.5744132739550993,-2.8281011362590207,0.20426125793678418,0.38643804385380176
2025-06-17,-1.3549213952500416,-2.8831574045088693,-2.7606765669729776,0.3332733924195703,0.424281410052851
2025-06-18,-1.3100458411308997,-2.9326051769133867,-2.7042976339090097,0.2572860051402169,0.7325886528497593
2025-06-19,-1.8408625548842794,-3.0618111925919935,-2.530297968206505,0.40718902745727925,0.5960253339029786
2025-06-20,-1.7159865850678697,-2.8764471181196583,-2.1084487715779208,0.9261056084807825,0.17941895459913773
2025-06-23,-0.964461505474329,-2.5057498629820034,-2.806736026419781,0.14825272995753078,0.36357828078574955
2025-06-24,-0.9289151336168276,-2.6290480375504353,-2.813218233685266,0.468711053651633,0.24583063474081943
2025-06-25,-0.2759722218688183,-2.3800545940239313,-2.644735880752458,0.4097384838786081,0.20848075481555375
2025-06-26,0.5189514528745324,-2.2306947590361244,-2.807640352443093,0.3885751567475437,0.27062511778037174
2025-06-27,0.7598915703448312,-2.080348395179684,-2.6863756074874394,0.2956246251467396,0.12158814718541743
2025-06-30,0.7023155945564432,-2.088174981078104,-2.806569440318549,0.2636047773040446,0.29431364367688995
2025-07-01,0.6852789408571183,-2.038765414344296,-2.6943573384745516,0.2558652171220203,0.3241354201527059
2025-07-02,0.8017064280033048,-2.019102326700689,-2.6701704516057827,0.11517582163045988,0.48283699118932394
2025-07-03,0.6552866665779956,-2.059559805349552,-2.72982008544912,0.14980334534479117,0.4287876473293451
2025-07-04,0.8863093794925432,-2.022717798398224,-2.7651650628093933,0.30512545696561644,0.5292066027021797
2025-07-07,0.9905635028555068,-1.9761217256703134,-2.704965498208426,0.2105195888785266,0.49920157015659594
2025-07-08,1.0653103803421764,-2.0084960692650675,-2.87260375511202,0.3377453772788614,0.5131574703769041
2025-07-09,1.1413662471682287,-1.9480590140299097,-2.903886662612213,0.21738028001146745,0.5821079871117484
2025-07-10,1.2358087805657891,-1.8436581418877556,-2.9362331511966486,-0.04132990190192129,0.6650739445322783
2025-07-11,1.1022963136699409,-1.834006419939705,-2.9682778419252887,-0.25667436075592864,0.7251478897955861
2025-07-14,1.488664292952152,-1.4840628184737183,-3.0490901946059386,-0.4984328640721372,0.7984143314870845
2025-07-15,1.5589971482838703,-1.5906411373844624,-3.057146493686258,-0.2006461043795158,0.7053659343477153
2025-07-16,1.6923866648155639,-1.4705009534721731,-3.0592376952183993,-0.21740653532508994,0.6516727610491686
2025-07-17,1.5300683707390272,-1.618332270428252,-2.9893470006911342,-0.15917605087953635,0.6189340437838787
2025-07-18,1.494137892860045,-1.5982880530717098,-3.002001640179925,-0.4879523545293119,0.6582232636321629
2025-07-21,1.7402143707382356,-1.5970813255798877,-2.9887705254106667,-0.42438163643754817,0.6148060636696487
2025-07-22,1.833419282896401,-1.4543790457604178,-3.0540735921622963,-0.690023904299439,0.6748284833943461
2025-07-23,1.9036570788144158,-1.2568457825971766,-3.069978352587811,-0.5686154004557722,0.5695526850309618
2025-07-24,1.63072542266614,-1.2936750836493212,-2.9349425880133415,-0.6767455065108297,0.7066157298376292
2025-07-25,1.2804199357287447,-1.140447729329323,-2.9664571889879516,-0.9038616363390005,0.952641534705538
2025-07-28,1.1327287632189098,-0.9984967620464509,-2.8274923239122716,-1.2695176658990883,1.1320766645238869
2025-07-29,0.9284188447362031,-1.158414479997876,-2.507752266426392,-0.8811828057470915,0.883890351966567
2025-07-30,0.7662909285764565,-1.0715659665726245,-2.3127994612691323,-0.8425577731774295,0.7466611554908691
2025-07-31,0.2702517375832405,-1.0671413322322973,-2.2109403119529065,-0.8166945995510745,0.562099684738862
2025-08-01,0.1272299323069073,-1.136741470854742,-2.467831758341625,-1.2697068312032929,0.5231338771208286
2025-08-04,0.036938272344045835,-1.297700488513359,-2.5510065970898834,-0.7355881884932194,0.40312434968837335
2025-08-05,0.023093925333780095,-1.0556333790526697,-2.7615010416325805,-0.9832890883884781,0.2482361834291554
2025-08-06,0.1726489575247114,-0.9749598887976816,-2.9707169000696587,-1.392524797160905,0.30094952569243855
2025-08-07,0.2532473340211992,-0.822775340237719,-3.019545106396809,-1.3234149310869232,0.2197336978982189
2025-08-08,0.15729311376713448,-0.7823942526975485,-3.1372898635547752,-1.7847004166522038,0.4656621276733644
2025-08-11,0.5637923553734231,-0.5521422505489243,-3.111412048065743,-1.6653817189209992,0.4014172198112997
2025-08-12,0.2878343508691289,-0.5957012483588625,-2.9854199849978613,-1.5921660455783047,0.5456699639330371
2025-08-13,0.4843141432867382,-0.7001956923538515,-2.8763565935344637,-1.3835754583451245,0.7754441780485736
2025-08-14,0.8630086184290087,-0.4965742526702029,-3.0086276711144384,-1.5994777850527657,1.1549957197771759
2025-08-15,0.8728590712310625,-0.4915892887397247,-3.1014205045316463,-1.650472405591698,1.1313393330977868
2025-08-18,1.9138295720669325,-0.07816939062819858,-3.4277945975385924,-1.9678822315546254,0.8276286532092604
2025-08-19,1.7391026613570582,-0.1921912569271899,-2.9095508713362843,-1.7056327119244887,0.4892377509269617
2025-08-20,1.9906316465280365,-0.11500852810549114,-2.84118999443883,-1.7442229725280725,0.5872479503547312
2025-08-21,1.621422401531055,-0.2022007564576538,-2.7286387429226115,-1.4084519736103285,0.40083659075677336
2025-08-22,0.8584502560922634,-0.36557125032635,-2.4386530563981945,-1.3019423484327437,0.5274106969894993
2025-08-25,0.7177864154720559,-0.2335235004122011,-2.1264893032468724,-1.0819798769215856,0.38185198275592713
2025-08-26,0.13991932999655907,-0.13401705829752464,-2.217944706336989,-1.219810418593848,0.3422674625682265
2025-08-27,0.1653047105328552,-0.11469939545825301,-2.0585366579100284,-1.3215248708206129,0.3086298709665035
2025-08-28,-0.1627227171623389,-0.12609185927148384,-2.22284513069471,-1.56376368783225,0.23496888644495278
2025-08-29,-0.3214979492991801,-0.20965788883976422,-2.32668712379507,-1.4675413908656694,0.33589163387294463
2025-09-01,-0.31294134511273763,-0.42665574050021376,-2.1899977545300002,-1.1109443091931874,0.0021818353684477827
2025-09-02,-0.3278655054064784,-0.49020110897999913,-2.020447700961021,-1.1480365688549987,-0.035026212079481284
2025-09-03,0.10315128325063194,-0.464046736924325,-2.3188055054032146,-0.9317647425470528,-0.05496308492745382
2025-09-04,-0.22420779946446395,-0.40218688282259957,-2.0680135193096683,-0.8856483355005488,-0.37247320302925735
2025-09-05,-0.18909628170790313,-0.36669100137311844,-2.2058113937776707,-0.9378183402777809,-0.3576135207954601
2025-09-08,-0.24578606547489568,-0.43884924493788413,-2.0439690831131987,-0.8240475835847044,-0.4940628582762757
2025-09-09,-0.38483746322087425,-0.4467291119651926,-1.8619013601525194,-0.4131041621792066,-0.4364825644868087
2025-09-10,-0.5408234960038741,-0.5673269512537139,-1.5075442510503365,-0.1610027893936544,-0.4738576648414999
2025-09-11,-0.25627469189846985,-0.34000688640100646,-1.4443581379995767,-0.3578326364001294,-0.4868667194093306
2025-09-12,-0.19753700677163563,-0.2948010006775308,-1.5038860363601085,-0.29686412794342765,-0.6237761988506655
2025-09-15,-0.08705665943438581,-0.33989541492680875,-1.637449818233723,-0.36015916045021656,-0.6614484249390506
2025-09-16,-0.01923534526587611,-0.478048998403429,-1.5841416732801543,-0.03095938265709339,-0.8208183158131253
2025-09-17,-0.5129160725310336,-0.7070689621992166,-1.3003548417855813,0.5440115697072923,-0.9726934013722484
2025-09-18,-0.3056235911514156,-0.6691163794435547,-1.5409880951253934,0.714899259255381,-0.9294891788488421
2025-09-19,-0.661140126577247,-0.8012102007956013,-1.5993706191342985,0.8214328829167874,-1.0015003092662178
2025-09-22,-0.9862475555234037,-1.064857028984975,-1.6676554242975357,0.8364235235074117,-0.9175980932791321
2025-09-23,-1.2617776139826977,-1.0742836079543885,-1.3241836691695548,0.8071446378557191,-1.0246286477454978
2025-09-24,-1.259162353904637,-0.9298648195560285,-1.5101524069097287,0.49627986139253105,-0.9779677028992093
2025-09-25,-1.2608137279171747,-0.7951305026083055,-1.668682182450344,0.17131905470121406,-0.8887821469522655
2025-09-26,-1.5722501111594502,-0.8298878555023194,-1.6903126336829781,-0.3390931422034713,-0.8326418608567087
2025-09-29,-1.542315051126946,-0.6589461016279613,-1.7272037340969029,-0.3000804283386433,-0.8382206774042629
2025-09-30,-1.4945195293353208,-0.7132609477501966,-1.854597188685212,-0.2714079615566922,-0.8758146319489795
2025-10-01,-1.272111255129677,-0.6684358717947868,-1.8333158884371863,-0.0006250426135932958,-1.2195893847787969
2025-10-02,-1.269536816296823,-0.7485754127442739,-1.947414977839236,0.08854146560177953,-1.138163409192309
2025-10-03,-0.9888387540426886,-0.6543472065220315,-1.9452071208430395,0.19253160546755915,-1.209138501395655
2025-10-06,-0.7426923227399008,-0.6282794497754037,-1.8417786218003027,0.43695126104780513,-1.2398796124746048
2025-10-07,-0.9381509896070136,-0.7691045096849017,-1.584599291908379,0.8109747084030225,-1.2586837405860183
2025-10-08,-0.8933864469475447,-0.5455345240973778,-1.6862305173565872,0.5636856890424049,-1.0955685889130315
2025-10-09,-0.9119508418566656,-0.5670960457216061,-1.5665055762070492,0.955275961739327,-1.2653592944637146
2025-10-10,-0.9206629938117679,-0.5975848054652714,-1.5561949502552808,1.3026064879763966,-1.348548966788641
2025-10-13,-1.1520613680213856,-0.68670721634213,-1.5720172712412563,1.3608474544292077,-1.2132212648670548
2025-10-14,-1.1943093559660456,-0.7831125252357926,-1.8394521868467177,1.2232904497915678,-1.0491966310923833
2025-10-15,-1.1828816899468724,-0.8810975026020043,-1.712419536476724,1.757252696942694,-1.2541474467820037
2025-10-16,-0.8149696706494112,-1.0464856178177784,-1.5469220533769286,2.184345705824785,-1.4293546978940936
2025-10-17,-0.8684161235283137,-1.0086921261897142,-1.656438039502379,2.3806842433708804,-1.611730995302127
2025-10-20,-0.829870016065484,-1.1135064984957523,-1.669014612525392,2.4976695087815903,-1.5829983461396364
2025-10-21,-0.5353790325331811,-0.8695539737625289,-1.761458213672408,2.2988725497997953,-1.7298110216131326
2025-10-22,-0.5280617687042528,-0.9146342055223613,-1.7143841722335773,2.276225299142718,-1.6950285533267164
2025-10-23,-0.2263204381966425,-0.8311837792811093,-1.8079130035835922,2.1964022779306864,-1.5682477256591936
2025-10-24,-0.33645601085195254,-0.8452609515778807,-1.8005387421471808,2.168037963506591,-1.5214215415116878
2025-10-27,-0.11581501821392758,-0.8313683722170602,-1.7745415460823264,2.27249665910895,-1.5208516072471479
2025-10-28,-0.08141279136876516,-0.7773355429062117,-1.6899685026190656,2.0535074280684587,-1.4321181171967647
2025-10-29,0.14717497469515411,-0.9259133855256498,-1.491838558403844,2.168827657430118,-1.2749837520047074
2025-10-30,-0.07238534791372662,-0.9456385161723438,-1.5039822566849352,1.994154264690381,-1.195134588627491
2025-10-31,-0.11757310480264879,-0.7518975958223312,-1.6430533139111492,1.7509516042423179,-1.1785486179283193
2025-11-03,-0.06141682783741732,-0.7923243148404943,-1.7267720368716202,2.028942426595543,-0.9799694971035235
2025-11-04,-0.3993633407509651,-0.9225800646743368,-1.7302458667102834,1.8886090181628588,-0.8743381803053111
2025-11-05,-0.43145874227927666,-0.8262525998018831,-1.6137062194106675,1.8457990720611783,-0.9290138640804405
2025-11-06,-0.8024074281405185,-0.9468652988726461,-1.6234199829673626,1.8968828055170441,-0.9680763318089498
2025-11-07,-0.8930387269521332,-1.1183807667202783,-1.5899984284403121,1.9780594811332455,-0.9148722204879128
2025-11-10,-0.8364060206875853,-1.2024812318304534,-1.6892924373042182,2.241883459327752,-0.9299664417959337
2025-11-11,-0.8257439849858602,-1.3076074115949985,-1.6080015054344527,2.4934087456270433,-0.9992874777621162
2025-11-12,-0.8773748529335552,-1.452531068308136,-1.6095745487922037,3.027991635509487,-1.0981858895183716
2025-11-13,-0.8492006646963358,-1.4518508524459237,-1.6716567075990805,2.9521717557740055,-1.0755231371779856
2025-11-14,-0.8903078353317484,-1.5041898541063963,-1.535324660413978,2.946951859807955,-1.162010525547299
2025-11-17,-0.5929334638408951,-1.4525297631686176,-1.6060877144274472,3.056632262868725,-1.1642798176355014
2025-11-18,-0.6687811246268148,-1.5104348407548664,-1.6357729122527997,2.8478464790793563,-1.0129081413270193
2025-11-19,-0.47765069934961696,-1.5001857330430108,-1.697032116974365,3.0314043586377375,-0.8009170944603293
2025-11-20,-0.3911207903636379,-1.3448165883479273,-1.5994114877724812,2.9357011070901025,-0.8368652076754828
2025-11-21,-0.6328701139807785,-1.1723544759204285,-1.8847214572320632,2.722682801625454,-0.5905302593245295
2025-11-24,-0.6681736430847817,-1.1439948160074669,-2.157834199765647,2.528658926712212,-0.39755150529127753
2025-11-25,-0.6592773836603749,-1.2528785910495548,-2.2382098152153516,2.623172240216855,-0.4064002980951012
2025-11-26,-0.4556833582601977,-1.404751605897701,-1.881257487269191,3.17272725145224,-0.44066562344836263
2025-11-27,-0.4848034055884265,-1.4756465227591846,-1.9758398454341752,3.1608547107814022,-0.4366050917734971
2025-11-28,-0.27314399783888343,-1.43586066735469,-2.312464310908918,3.1615509330652007,-0.3511759653675517
2025-12-01,-0.1907190030127523,-1.3456104441197076,-2.294029610610305,3.029830639855776,-0.3578793462837445
2025-12-02,-0.2230627583709581,-1.351817097941144,-2.590475525822929,3.0211042995553354,-0.2014701237046711
2025-12-03,-0.28109321948555743,-1.1668950569670196,-2.5337113854847546,2.741828421505472,-0.22305471478617314
2025-12-04,-0.03092201653446211,-1.078508570088789,-2.609403386409615,2.708764539841137,-0.26893418895865484
2025-12-05,0.34872422226672645,-1.1364433023167828,-2.6224350158646903,2.792113817666308,-0.1639764197014273
2025-12-08,0.08472160409408473,-1.0400604950568384,-2.9108297243625323,2.219128580280733,0.06538482241786706
2025-12-09,0.008150816691724357,-1.0608123185610332,-2.75736478902277,1.9709343692667676,-0.049164981212281064
2025-12-10,-0.061298867393335676,-1.06834457287959,-2.6528407623409382,1.898540538549905,-0.04539131448891529
2025-12-11,0.28369847302493256,-1.0193010243007563,-2.6725824694198206,2.1067536372446374,0.10079909562028806
2025-12-12,0.49118116765590536,-0.94374452497097,-2.5899384581273504,2.3170334830404515,0.20929543781006518
2025-12-15,0.29784698674588217,-1.0321846047501841,-2.3999086754378753,2.3923038275659816,0.05044341074219182
2025-12-16,0.2713917539787191,-0.9263685347493794,-2.4999324617495216,2.152746135560558,0.14101616830904581
2025-12-17,0.2353683579709401,-0.8778935814554187,-2.5720412647122206,2.1842363415500796,0.2685107505244119
2025-12-18,0.1416827936912296,-0.9774363339294179,-2.5441851163440425,2.26013354082561,0.2897424093409679
2025-12-19,0.5379256526614374,-0.9386926813732673,-2.4917155464939817,2.366710965271827,0.311491764020863
2025-12-22,0.7187636946304071,-0.9966536295992309,-2.2444446497240835,2.780577224160487,0.38662538686615844
2025-12-23,0.8703396807190507,-1.100266781023396,-2.2425185383250965,2.8103958068275983,0.40055639770249635
2025-12-24,0.8751910304000948,-1.084394564619207,-2.2778256292288703,2.6920953699313284,0.46203399700840636
2025-12-26,0.7690583914701298,-1.0758927998832988,-2.559576880856728,2.6853266966552725,0.5124255576409237
2025-12-29,0.5288893714218003,-1.0251583700064844,-2.321207738478462,2.5335101579056247,0.4343955505996632
2025-12-30,0.49596788696284033,-1.0175222755216553,-2.234654860991979,2.4886710512302384,0.4025137862756608
2025-12-31,0.5117075255967566,-1.139814250033149,-1.981300657924256,2.831247445403813,0.150476243418378
2026-01-01,0.59169336974703,-1.0552398963473568,-1.9851770930362052,2.817964294842085,0.22876743422420565
2026-01-02,0.693334215292883,-1.1471386224385052,-2.0831745692712826,2.6240005096892354,0.5778779637161146
2026-01-05,0.6557076846908843,-1.3420833492584294,-2.072867050597375,2.5729240906220836,0.5363536079561682
2026-01-06,0.536407247518288,-1.1387729445392152,-2.0586626566989126,2.6959903102046074,0.5637265902699996
2026-01-07,0.5526949568392762,-0.9049118387582877,-2.163648969700551,2.6839650266355934,0.6931514431723403
2026-01-08,0.4886582001040394,-0.7612451236608662,-2.4806412447352604,1.9085376193148038,0.8840685273345339
2026-01-09,0.3258442989287271,-0.657970256032793,-2.614348790442452,1.598518601924988,1.1343419855754378
2026-01-12,0.2703939126377988,-0.7174211785671238,-2.412805570658908,1.7016515621508304,1.0579231940377185
2026-01-13,0.17484231231659086,-0.7729258220445652,-2.4129252833336734,1.7406362803842463,1.1713438793524251
2026-01-14,0.0021010789609830017,-0.9019458207685338,-2.229893893163262,1.6435694573096833,1.2337870901501684
2026-01-15,-0.04852423092329308,-0.7621168296786803,-2.261577990975445,1.6644758820156926,1.1502463323308814
2026-01-16,-0.018758288712190103,-0.7177055240267972,-2.239209811471364,1.6173180967864689,1.2336307501797734
2026-01-19,-0.18827004973752928,-0.5241363913130533,-2.2038826690758304,1.5331076332017097,1.2535556994786796
2026-01-20,-0.6734944333141982,-0.5428101852938471,-2.563609001755479,0.8079710591813238,1.458188815924049
2026-01-21,-0.9151896775091132,-0.6982018141548592,-2.478226409848015,0.6286318439981289,1.603049868290824
2026-01-22,-1.0237587398871022,-0.6616608176784854,-2.2356787561911107,1.1778571361305537,1.4182098870341568
2026-01-23,-1.3996749081446171,-0.6931733437377742,-2.269200538493503,0.7848047255785295,1.5675828032478085
2026-01-26,-1.4007634281817636,-0.6827017672232306,-2.3261986128334624,0.8017063941207606,1.5564556418043667
2026-01-27,-1.2934962381238908,-0.7768739819913207,-2.2503451851345138,0.9315555516639765,1.6968977188986871
2026-01-28,-1.0530713929094915,-0.9381050222018977,-2.112064751642704,1.2111576403025426,1.6674553166596378
2026-01-29,-1.028916997006228,-1.1674438750348703,-1.9251714348897953,1.1485347310169602,1.6728295905095478
2026-01-30,-1.2191968587963706,-0.8982766194502447,-1.726216308118812,1.002070664400247,1.321310714235866
2026-02-02,-1.5595499408856655,-0.8274171664609454,-2.0673099964140604,0.6541231793228514,1.462640253501251
2026-02-03,-0.7818268732625495,-1.0756187121676888,-1.7738822725665402,1.7130400026521648,1.493264450726984
2026-02-04,-0.6013868669335318,-1.3472554732460433,-1.8221865222791995,1.6916245011661764,1.2625978083733032
2026-02-05,-0.5081830554194213,-1.1764305262349193,-2.1250764194156546,1.4361675119542183,1.3951638520347325
2026-02-06,-0.21001245258792706,-1.2772256621828162,-2.0257195534843624,1.4481298446415802,1.2799186724082718
2026-02-09,0.10858857212610051,-1.1478095959892238,-1.8718331135983202,1.579687421940358,1.3280466104838522
2026-02-10,0.24999014534243247,-1.1468434386889825,-2.0061237478648586,1.6619647654403675,1.229060819316716
2026-02-11,0.26347265081933474,-1.1717368618706816,-1.7244913124486516,1.6412817630762446,1.1228202714308675
2026-02-12,-0.10144800691088153,-1.245168382033663,-1.893474780999179,1.4896651274119828,0.9749932861005294
2026-02-13,-0.5997989349463979,-1.1884362211530446,-2.0473324272989606,0.8492187516170697,1.2912402053809888
2026-02-16,-0.39772270731459414,-1.2774016133813373,-1.8553074364449327,1.176060273867733,1.1884055306322496
2026-02-17,-0.268717205578491,-1.1908368805172889,-1.794692147250273,1.1992030545702956,1.1968440431981893
2026-02-18,-0.14448482179934194,-1.4798981197816676,-1.570853664854187,1.4036711458254383,1.0283175634384178
2026-02-19,-0.5062206142300982,-1.4565811564155224,-1.9155424940434775,0.8959841423399574,1.522933375530515
2026-02-20,-0.49939436106823853,-1.5238929087216064,-1.6330294108311862,1.069804800298429,1.5472415626035063
2026-02-23,-0.72238197621207,-1.576369157374575,-1.1599316421063723,1.3931124710243639,1.311027643991734
2026-02-24,-0.9400644596181095,-1.5572306816680965,-1.219209008659072,1.1883398653323818,1.3608540238090079
2026-02-25,-0.7945474410130403,-1.5667048850663667,-1.1983640779568026,1.4835980752358315,1.4776619523211116
2026-02-26,-0.9415771419870891,-1.559788843398029,-0.8901484232884249,1.6207318036466043,1.425706738492116
2026-02-27,-1.4107136544301992,-1.8017241939096935,-0.9863919575403403,1.2147018872470288,1.9018274845971916
2026-03-02,-1.8271283433067043,-1.6756818268291014,-0.720937623447031,0.5019681331559833,2.331912422662004
2026-03-03,-1.8277911901474488,-1.7824911213736263,-0.6676568393399605,0.5256052869016434,2.417721023635382
2026-03-04,-2.506304585370281,-1.7789106018640086,-0.8987782946685915,0.002361084385045716,3.0354082374928644
